Workbook

Sheet Client Tracker
A1: 🐛 DRUDGE PEST CONTROL — Client & Visit Tracker
A2: SITE INFORMATION | M2: STATUS | N2: VISITS | O2: VISIT 1 | AB2: VISIT 2 | AO2: VISIT 3 | BB2: VISIT 4 | BO2: VISIT 5 | CB2: VISIT 6 | CO2: VISIT 7 | DB2: VISIT 8 | DO2: VISIT 9 | EB2: VISIT 10 | EO2: VISIT 11 | FB2: VISIT 12 | FO2: TOTALS SUMMARY | FW2: EMERGENCY | FX2: GRAND TOTAL
A3: Site ID | B3: Site Administration | C3: Site Name | D3: Site tibe | E3: Location | F3: Governorate | G3: Visit Day (Weekday) | I3: Visit Hour | J3: Visit Duration | K3: Flybait | L3: Scheduled Visits | M3: Visit Status (Auto) | N3: Total Visits Done | O3: Visit Date | P3: Done ✔ | Q3: Spare Parts Changed | R3: Lamps Used | S3: Cables Used | T3: Transformers Used | U3: Light Sheets Used | V3: Fipronil (ml) | W3: Imidacloprid (gm) | X3: Baits (#) | Y3: Glo Pieces (#) | Z3: Branch Issue | AA3: Notes | AB3: Visit Date | AC3: Done ✔ | AD3: Spare Parts Changed | AE3: Lamps Used | AF3: Cables Used | AG3: Transformers Used | AH3: Light Sheets Used | AI3: Fipronil (ml) | AJ3: Imidacloprid (gm) | AK3: Baits (#) | AL3: Glo Pieces (#) | AM3: Branch Issue | AN3: Notes | AO3: Visit Date | AP3: Done ✔ | AQ3: Spare Parts Changed | AR3: Lamps Used | AS3: Cables Used | AT3: Transformers Used | AU3: Light Sheets Used | AV3: Fipronil (ml) | AW3: Imidacloprid (gm) | AX3: Baits (#) | AY3: Glo Pieces (#) | AZ3: Branch Issue | BA3: Notes | BB3: Visit Date | BC3: Done ✔ | BD3: Spare Parts Changed | BE3: Lamps Used | BF3: Cables Used | BG3: Transformers Used | BH3: Light Sheets Used | BI3: Fipronil (ml) | BJ3: Imidacloprid (gm) | BK3: Baits (#) | BL3: Glo Pieces (#) | BM3: Branch Issue | BN3: Notes | BO3: Visit Date | BP3: Done ✔ | BQ3: Spare Parts Changed | BR3: Lamps Used | BS3: Cables Used | BT3: Transformers Used | BU3: Light Sheets Used | BV3: Fipronil (ml) | BW3: Imidacloprid (gm) | BX3: Baits (#) | BY3: Glo Pieces (#) | BZ3: Branch Issue | CA3: Notes | CB3: Visit Date | CC3: Done ✔ | CD3: Spare Parts Changed | CE3: Lamps Used | CF3: Cables Used | CG3: Transformers Used | CH3: Light Sheets Used | CI3: Fipronil (ml) | CJ3: Imidacloprid (gm) | CK3: Baits (#) | CL3: Glo Pieces (#) | CM3: Branch Issue | CN3: Notes | CO3: Visit Date | CP3: Done ✔ | CQ3: Spare Parts Changed | CR3: Lamps Used | CS3: Cables Used | CT3: Transformers Used | CU3: Light Sheets Used | CV3: Fipronil (ml) | CW3: Imidacloprid (gm) | CX3: Baits (#) | CY3: Glo Pieces (#) | CZ3: Branch Issue | DA3: Notes | DB3: Visit Date | DC3: Done ✔ | DD3: Spare Parts Changed | DE3: Lamps Used | DF3: Cables Used | DG3: Transformers Used | DH3: Light Sheets Used | DI3: Fipronil (ml) | DJ3: Imidacloprid (gm) | DK3: Baits (#) | DL3: Glo Pieces (#) | DM3: Branch Issue | DN3: Notes | DO3: Visit Date | DP3: Done ✔ | DQ3: Spare Parts Changed | DR3: Lamps Used | DS3: Cables Used | DT3: Transformers Used | DU3: Light Sheets Used | DV3: Fipronil (ml) | DW3: Imidacloprid (gm) | DX3: Baits (#) | DY3: Glo Pieces (#) | DZ3: Branch Issue | EA3: Notes | EB3: Visit Date | EC3: Done ✔ | ED3: Spare Parts Changed | EE3: Lamps Used | EF3: Cables Used | EG3: Transformers Used | EH3: Light Sheets Used | EI3: Fipronil (ml) | EJ3: Imidacloprid (gm) | EK3: Baits (#) | EL3: Glo Pieces (#) | EM3: Branch Issue | EN3: Notes | EO3: Visit Date | EP3: Done ✔ | EQ3: Spare Parts Changed | ER3: Lamps Used | ES3: Cables Used | ET3: Transformers Used | EU3: Light Sheets Used | EV3: Fipronil (ml) | EW3: Imidacloprid (gm) | EX3: Baits (#) | EY3: Glo Pieces (#) | EZ3: Branch Issue | FA3: Notes | FB3: Visit Date | FC3: Done ✔ | FD3: Spare Parts Changed | FE3: Lamps Used | FF3: Cables Used | FG3: Transformers Used | FH3: Light Sheets Used | FI3: Fipronil (ml) | FJ3: Imidacloprid (gm) | FK3: Baits (#) | FL3: Glo Pieces (#) | FM3: Branch Issue | FN3: Notes | FO3: Total Lamps Used | FP3: Total Cables Used | FQ3: Total Transformers | FR3: Total Light Sheets | FS3: Total Fipronil (ml) | FT3: Total Imidacloprid (gm) | FU3: Total Baits (#) | FV3: Total Glo Pieces (#) | FW3: Emergency Visits (#) | FX3: Grand Total All Visits
A4: =IF(C4<>"","DRG-"&TEXT(1,"000"),"") -> DRG-001 | B4: Exception | C4: Exception | D4: Brunche | E4: فيصل | F4: Giza | G4: Sunday | I4: 0.95833333 | J4: 45min | K4: 2 | L4: 4 | M4: =IF(N4>=4,"✔ Completed","✘ Pending") -> ✔ Completed | N4: =(P4="✔")+(AC4="✔")+(AP4="✔")+(BC4="✔")+(BP4="✔")+(CC4="✔")+(CP4="✔")+(DC4="✔")+(DP4="✔")+(EC4="✔")+(EP4="✔")+(FC4="✔") -> 4 | O4: 46028 | P4: ✔ | R4: 2 | S4: 0 | T4: 1 | U4: 1 | V4: 50mil | W4: 10g | X4: 10 | Y4: 5 | AC4: ✔ | AP4: ✔ | BC4: ✔ | FO4: =IFERROR(R4*1,0)+IFERROR(AE4*1,0)+IFERROR(AR4*1,0)+IFERROR(BE4*1,0)+IFERROR(BR4*1,0)+IFERROR(CE4*1,0)+IFERROR(CR4*1,0)+IFERROR(DE4*1,0)+IFERROR(DR4*1,0)+IFERROR(EE4*1,0)+IFERROR(ER4*1,0)+IFERROR(FE4*1,0) -> 2 | FP4: =IFERROR(S4*1,0)+IFERROR(AF4*1,0)+IFERROR(AS4*1,0)+IFERROR(BF4*1,0)+IFERROR(BS4*1,0)+IFERROR(CF4*1,0)+IFERROR(CS4*1,0)+IFERROR(DF4*1,0)+IFERROR(DS4*1,0)+IFERROR(EF4*1,0)+IFERROR(ES4*1,0)+IFERROR(FF4*1,0) -> 0 | FQ4: =IFERROR(T4*1,0)+IFERROR(AG4*1,0)+IFERROR(AT4*1,0)+IFERROR(BG4*1,0)+IFERROR(BT4*1,0)+IFERROR(CG4*1,0)+IFERROR(CT4*1,0)+IFERROR(DG4*1,0)+IFERROR(DT4*1,0)+IFERROR(EG4*1,0)+IFERROR(ET4*1,0)+IFERROR(FG4*1,0) -> 1 | FR4: =IFERROR(U4*1,0)+IFERROR(AH4*1,0)+IFERROR(AU4*1,0)+IFERROR(BH4*1,0)+IFERROR(BU4*1,0)+IFERROR(CH4*1,0)+IFERROR(CU4*1,0)+IFERROR(DH4*1,0)+IFERROR(DU4*1,0)+IFERROR(EH4*1,0)+IFERROR(EU4*1,0)+IFERROR(FH4*1,0) -> 1 | FS4: =IFERROR(V4*1,0)+IFERROR(AI4*1,0)+IFERROR(AV4*1,0)+IFERROR(BI4*1,0)+IFERROR(BV4*1,0)+IFERROR(CI4*1,0)+IFERROR(CV4*1,0)+IFERROR(DI4*1,0)+IFERROR(DV4*1,0)+IFERROR(EI4*1,0)+IFERROR(EV4*1,0)+IFERROR(FI4*1,0) -> 0 | FT4: =IFERROR(W4*1,0)+IFERROR(AJ4*1,0)+IFERROR(AW4*1,0)+IFERROR(BJ4*1,0)+IFERROR(BW4*1,0)+IFERROR(CJ4*1,0)+IFERROR(CW4*1,0)+IFERROR(DJ4*1,0)+IFERROR(DW4*1,0)+IFERROR(EJ4*1,0)+IFERROR(EW4*1,0)+IFERROR(FJ4*1,0) -> 0 | FU4: =IFERROR(X4*1,0)+IFERROR(AK4*1,0)+IFERROR(AX4*1,0)+IFERROR(BK4*1,0)+IFERROR(BX4*1,0)+IFERROR(CK4*1,0)+IFERROR(CX4*1,0)+IFERROR(DK4*1,0)+IFERROR(DX4*1,0)+IFERROR(EK4*1,0)+IFERROR(EX4*1,0)+IFERROR(FK4*1,0) -> 10 | FV4: =IFERROR(Y4*1,0)+IFERROR(AL4*1,0)+IFERROR(AY4*1,0)+IFERROR(BL4*1,0)+IFERROR(BY4*1,0)+IFERROR(CL4*1,0)+IFERROR(CY4*1,0)+IFERROR(DL4*1,0)+IFERROR(DY4*1,0)+IFERROR(EL4*1,0)+IFERROR(EY4*1,0)+IFERROR(FL4*1,0) -> 5 | FX4: =N4+IFERROR(FW4*1,0) -> 4
A5: =IF(C5<>"","DRG-"&TEXT(2,"000"),"") -> DRG-002 | B5: Exception | C5: Exception | D5: Brunche | E5: سهل حمزه | F5: Giza | I5: 0.95833333 | L5: 4 | M5: =IF(N5>=4,"✔ Completed","✘ Pending") -> ✘ Pending | N5: =(P5="✔")+(AC5="✔")+(AP5="✔")+(BC5="✔")+(BP5="✔")+(CC5="✔")+(CP5="✔")+(DC5="✔")+(DP5="✔")+(EC5="✔")+(EP5="✔")+(FC5="✔") -> 0 | FO5: =IFERROR(R5*1,0)+IFERROR(AE5*1,0)+IFERROR(AR5*1,0)+IFERROR(BE5*1,0)+IFERROR(BR5*1,0)+IFERROR(CE5*1,0)+IFERROR(CR5*1,0)+IFERROR(DE5*1,0)+IFERROR(DR5*1,0)+IFERROR(EE5*1,0)+IFERROR(ER5*1,0)+IFERROR(FE5*1,0) -> 0 | FP5: =IFERROR(S5*1,0)+IFERROR(AF5*1,0)+IFERROR(AS5*1,0)+IFERROR(BF5*1,0)+IFERROR(BS5*1,0)+IFERROR(CF5*1,0)+IFERROR(CS5*1,0)+IFERROR(DF5*1,0)+IFERROR(DS5*1,0)+IFERROR(EF5*1,0)+IFERROR(ES5*1,0)+IFERROR(FF5*1,0) -> 0 | FQ5: =IFERROR(T5*1,0)+IFERROR(AG5*1,0)+IFERROR(AT5*1,0)+IFERROR(BG5*1,0)+IFERROR(BT5*1,0)+IFERROR(CG5*1,0)+IFERROR(CT5*1,0)+IFERROR(DG5*1,0)+IFERROR(DT5*1,0)+IFERROR(EG5*1,0)+IFERROR(ET5*1,0)+IFERROR(FG5*1,0) -> 0 | FR5: =IFERROR(U5*1,0)+IFERROR(AH5*1,0)+IFERROR(AU5*1,0)+IFERROR(BH5*1,0)+IFERROR(BU5*1,0)+IFERROR(CH5*1,0)+IFERROR(CU5*1,0)+IFERROR(DH5*1,0)+IFERROR(DU5*1,0)+IFERROR(EH5*1,0)+IFERROR(EU5*1,0)+IFERROR(FH5*1,0) -> 0 | FS5: =IFERROR(V5*1,0)+IFERROR(AI5*1,0)+IFERROR(AV5*1,0)+IFERROR(BI5*1,0)+IFERROR(BV5*1,0)+IFERROR(CI5*1,0)+IFERROR(CV5*1,0)+IFERROR(DI5*1,0)+IFERROR(DV5*1,0)+IFERROR(EI5*1,0)+IFERROR(EV5*1,0)+IFERROR(FI5*1,0) -> 0 | FT5: =IFERROR(W5*1,0)+IFERROR(AJ5*1,0)+IFERROR(AW5*1,0)+IFERROR(BJ5*1,0)+IFERROR(BW5*1,0)+IFERROR(CJ5*1,0)+IFERROR(CW5*1,0)+IFERROR(DJ5*1,0)+IFERROR(DW5*1,0)+IFERROR(EJ5*1,0)+IFERROR(EW5*1,0)+IFERROR(FJ5*1,0) -> 0 | FU5: =IFERROR(X5*1,0)+IFERROR(AK5*1,0)+IFERROR(AX5*1,0)+IFERROR(BK5*1,0)+IFERROR(BX5*1,0)+IFERROR(CK5*1,0)+IFERROR(CX5*1,0)+IFERROR(DK5*1,0)+IFERROR(DX5*1,0)+IFERROR(EK5*1,0)+IFERROR(EX5*1,0)+IFERROR(FK5*1,0) -> 0 | FV5: =IFERROR(Y5*1,0)+IFERROR(AL5*1,0)+IFERROR(AY5*1,0)+IFERROR(BL5*1,0)+IFERROR(BY5*1,0)+IFERROR(CL5*1,0)+IFERROR(CY5*1,0)+IFERROR(DL5*1,0)+IFERROR(DY5*1,0)+IFERROR(EL5*1,0)+IFERROR(EY5*1,0)+IFERROR(FL5*1,0) -> 0 | FX5: =N5+IFERROR(FW5*1,0) -> 0
A6: =IF(C6<>"","DRG-"&TEXT(3,"000"),"") -> DRG-003 | B6: Exception | C6: Exception | D6: Brunche | E6: ترسا | F6: Giza | I6: 0.95833333 | L6: 4 | M6: =IF(N6>=4,"✔ Completed","✘ Pending") -> ✘ Pending | N6: =(P6="✔")+(AC6="✔")+(AP6="✔")+(BC6="✔")+(BP6="✔")+(CC6="✔")+(CP6="✔")+(DC6="✔")+(DP6="✔")+(EC6="✔")+(EP6="✔")+(FC6="✔") -> 0 | FO6: =IFERROR(R6*1,0)+IFERROR(AE6*1,0)+IFERROR(AR6*1,0)+IFERROR(BE6*1,0)+IFERROR(BR6*1,0)+IFERROR(CE6*1,0)+IFERROR(CR6*1,0)+IFERROR(DE6*1,0)+IFERROR(DR6*1,0)+IFERROR(EE6*1,0)+IFERROR(ER6*1,0)+IFERROR(FE6*1,0) -> 0 | FP6: =IFERROR(S6*1,0)+IFERROR(AF6*1,0)+IFERROR(AS6*1,0)+IFERROR(BF6*1,0)+IFERROR(BS6*1,0)+IFERROR(CF6*1,0)+IFERROR(CS6*1,0)+IFERROR(DF6*1,0)+IFERROR(DS6*1,0)+IFERROR(EF6*1,0)+IFERROR(ES6*1,0)+IFERROR(FF6*1,0) -> 0 | FQ6: =IFERROR(T6*1,0)+IFERROR(AG6*1,0)+IFERROR(AT6*1,0)+IFERROR(BG6*1,0)+IFERROR(BT6*1,0)+IFERROR(CG6*1,0)+IFERROR(CT6*1,0)+IFERROR(DG6*1,0)+IFERROR(DT6*1,0)+IFERROR(EG6*1,0)+IFERROR(ET6*1,0)+IFERROR(FG6*1,0) -> 0 | FR6: =IFERROR(U6*1,0)+IFERROR(AH6*1,0)+IFERROR(AU6*1,0)+IFERROR(BH6*1,0)+IFERROR(BU6*1,0)+IFERROR(CH6*1,0)+IFERROR(CU6*1,0)+IFERROR(DH6*1,0)+IFERROR(DU6*1,0)+IFERROR(EH6*1,0)+IFERROR(EU6*1,0)+IFERROR(FH6*1,0) -> 0 | FS6: =IFERROR(V6*1,0)+IFERROR(AI6*1,0)+IFERROR(AV6*1,0)+IFERROR(BI6*1,0)+IFERROR(BV6*1,0)+IFERROR(CI6*1,0)+IFERROR(CV6*1,0)+IFERROR(DI6*1,0)+IFERROR(DV6*1,0)+IFERROR(EI6*1,0)+IFERROR(EV6*1,0)+IFERROR(FI6*1,0) -> 0 | FT6: =IFERROR(W6*1,0)+IFERROR(AJ6*1,0)+IFERROR(AW6*1,0)+IFERROR(BJ6*1,0)+IFERROR(BW6*1,0)+IFERROR(CJ6*1,0)+IFERROR(CW6*1,0)+IFERROR(DJ6*1,0)+IFERROR(DW6*1,0)+IFERROR(EJ6*1,0)+IFERROR(EW6*1,0)+IFERROR(FJ6*1,0) -> 0 | FU6: =IFERROR(X6*1,0)+IFERROR(AK6*1,0)+IFERROR(AX6*1,0)+IFERROR(BK6*1,0)+IFERROR(BX6*1,0)+IFERROR(CK6*1,0)+IFERROR(CX6*1,0)+IFERROR(DK6*1,0)+IFERROR(DX6*1,0)+IFERROR(EK6*1,0)+IFERROR(EX6*1,0)+IFERROR(FK6*1,0) -> 0 | FV6: =IFERROR(Y6*1,0)+IFERROR(AL6*1,0)+IFERROR(AY6*1,0)+IFERROR(BL6*1,0)+IFERROR(BY6*1,0)+IFERROR(CL6*1,0)+IFERROR(CY6*1,0)+IFERROR(DL6*1,0)+IFERROR(DY6*1,0)+IFERROR(EL6*1,0)+IFERROR(EY6*1,0)+IFERROR(FL6*1,0) -> 0 | FX6: =N6+IFERROR(FW6*1,0) -> 0
A7: =IF(C7<>"","DRG-"&TEXT(4,"000"),"") -> DRG-004 | B7: Exception | C7: Exception | D7: Brunche | E7: المنصوريه | F7: Giza | I7: 0.95833333 | L7: 4 | M7: =IF(N7>=4,"✔ Completed","✘ Pending") -> ✘ Pending | N7: =(P7="✔")+(AC7="✔")+(AP7="✔")+(BC7="✔")+(BP7="✔")+(CC7="✔")+(CP7="✔")+(DC7="✔")+(DP7="✔")+(EC7="✔")+(EP7="✔")+(FC7="✔") -> 0 | FO7: =IFERROR(R7*1,0)+IFERROR(AE7*1,0)+IFERROR(AR7*1,0)+IFERROR(BE7*1,0)+IFERROR(BR7*1,0)+IFERROR(CE7*1,0)+IFERROR(CR7*1,0)+IFERROR(DE7*1,0)+IFERROR(DR7*1,0)+IFERROR(EE7*1,0)+IFERROR(ER7*1,0)+IFERROR(FE7*1,0) -> 0 | FP7: =IFERROR(S7*1,0)+IFERROR(AF7*1,0)+IFERROR(AS7*1,0)+IFERROR(BF7*1,0)+IFERROR(BS7*1,0)+IFERROR(CF7*1,0)+IFERROR(CS7*1,0)+IFERROR(DF7*1,0)+IFERROR(DS7*1,0)+IFERROR(EF7*1,0)+IFERROR(ES7*1,0)+IFERROR(FF7*1,0) -> 0 | FQ7: =IFERROR(T7*1,0)+IFERROR(AG7*1,0)+IFERROR(AT7*1,0)+IFERROR(BG7*1,0)+IFERROR(BT7*1,0)+IFERROR(CG7*1,0)+IFERROR(CT7*1,0)+IFERROR(DG7*1,0)+IFERROR(DT7*1,0)+IFERROR(EG7*1,0)+IFERROR(ET7*1,0)+IFERROR(FG7*1,0) -> 0 | FR7: =IFERROR(U7*1,0)+IFERROR(AH7*1,0)+IFERROR(AU7*1,0)+IFERROR(BH7*1,0)+IFERROR(BU7*1,0)+IFERROR(CH7*1,0)+IFERROR(CU7*1,0)+IFERROR(DH7*1,0)+IFERROR(DU7*1,0)+IFERROR(EH7*1,0)+IFERROR(EU7*1,0)+IFERROR(FH7*1,0) -> 0 | FS7: =IFERROR(V7*1,0)+IFERROR(AI7*1,0)+IFERROR(AV7*1,0)+IFERROR(BI7*1,0)+IFERROR(BV7*1,0)+IFERROR(CI7*1,0)+IFERROR(CV7*1,0)+IFERROR(DI7*1,0)+IFERROR(DV7*1,0)+IFERROR(EI7*1,0)+IFERROR(EV7*1,0)+IFERROR(FI7*1,0) -> 0 | FT7: =IFERROR(W7*1,0)+IFERROR(AJ7*1,0)+IFERROR(AW7*1,0)+IFERROR(BJ7*1,0)+IFERROR(BW7*1,0)+IFERROR(CJ7*1,0)+IFERROR(CW7*1,0)+IFERROR(DJ7*1,0)+IFERROR(DW7*1,0)+IFERROR(EJ7*1,0)+IFERROR(EW7*1,0)+IFERROR(FJ7*1,0) -> 0 | FU7: =IFERROR(X7*1,0)+IFERROR(AK7*1,0)+IFERROR(AX7*1,0)+IFERROR(BK7*1,0)+IFERROR(BX7*1,0)+IFERROR(CK7*1,0)+IFERROR(CX7*1,0)+IFERROR(DK7*1,0)+IFERROR(DX7*1,0)+IFERROR(EK7*1,0)+IFERROR(EX7*1,0)+IFERROR(FK7*1,0) -> 0 | FV7: =IFERROR(Y7*1,0)+IFERROR(AL7*1,0)+IFERROR(AY7*1,0)+IFERROR(BL7*1,0)+IFERROR(BY7*1,0)+IFERROR(CL7*1,0)+IFERROR(CY7*1,0)+IFERROR(DL7*1,0)+IFERROR(DY7*1,0)+IFERROR(EL7*1,0)+IFERROR(EY7*1,0)+IFERROR(FL7*1,0) -> 0 | FX7: =N7+IFERROR(FW7*1,0) -> 0
A8: =IF(C8<>"","DRG-"&TEXT(5,"000"),"") -> DRG-005 | B8: Exception | C8: Exception | D8: Brunche | E8: حدائق اكتوبر | F8: Giza | I8: 0.95833333 | L8: 4 | M8: =IF(N8>=4,"✔ Completed","✘ Pending") -> ✘ Pending | N8: =(P8="✔")+(AC8="✔")+(AP8="✔")+(BC8="✔")+(BP8="✔")+(CC8="✔")+(CP8="✔")+(DC8="✔")+(DP8="✔")+(EC8="✔")+(EP8="✔")+(FC8="✔") -> 0 | FO8: =IFERROR(R8*1,0)+IFERROR(AE8*1,0)+IFERROR(AR8*1,0)+IFERROR(BE8*1,0)+IFERROR(BR8*1,0)+IFERROR(CE8*1,0)+IFERROR(CR8*1,0)+IFERROR(DE8*1,0)+IFERROR(DR8*1,0)+IFERROR(EE8*1,0)+IFERROR(ER8*1,0)+IFERROR(FE8*1,0) -> 0 | FP8: =IFERROR(S8*1,0)+IFERROR(AF8*1,0)+IFERROR(AS8*1,0)+IFERROR(BF8*1,0)+IFERROR(BS8*1,0)+IFERROR(CF8*1,0)+IFERROR(CS8*1,0)+IFERROR(DF8*1,0)+IFERROR(DS8*1,0)+IFERROR(EF8*1,0)+IFERROR(ES8*1,0)+IFERROR(FF8*1,0) -> 0 | FQ8: =IFERROR(T8*1,0)+IFERROR(AG8*1,0)+IFERROR(AT8*1,0)+IFERROR(BG8*1,0)+IFERROR(BT8*1,0)+IFERROR(CG8*1,0)+IFERROR(CT8*1,0)+IFERROR(DG8*1,0)+IFERROR(DT8*1,0)+IFERROR(EG8*1,0)+IFERROR(ET8*1,0)+IFERROR(FG8*1,0) -> 0 | FR8: =IFERROR(U8*1,0)+IFERROR(AH8*1,0)+IFERROR(AU8*1,0)+IFERROR(BH8*1,0)+IFERROR(BU8*1,0)+IFERROR(CH8*1,0)+IFERROR(CU8*1,0)+IFERROR(DH8*1,0)+IFERROR(DU8*1,0)+IFERROR(EH8*1,0)+IFERROR(EU8*1,0)+IFERROR(FH8*1,0) -> 0 | FS8: =IFERROR(V8*1,0)+IFERROR(AI8*1,0)+IFERROR(AV8*1,0)+IFERROR(BI8*1,0)+IFERROR(BV8*1,0)+IFERROR(CI8*1,0)+IFERROR(CV8*1,0)+IFERROR(DI8*1,0)+IFERROR(DV8*1,0)+IFERROR(EI8*1,0)+IFERROR(EV8*1,0)+IFERROR(FI8*1,0) -> 0 | FT8: =IFERROR(W8*1,0)+IFERROR(AJ8*1,0)+IFERROR(AW8*1,0)+IFERROR(BJ8*1,0)+IFERROR(BW8*1,0)+IFERROR(CJ8*1,0)+IFERROR(CW8*1,0)+IFERROR(DJ8*1,0)+IFERROR(DW8*1,0)+IFERROR(EJ8*1,0)+IFERROR(EW8*1,0)+IFERROR(FJ8*1,0) -> 0 | FU8: =IFERROR(X8*1,0)+IFERROR(AK8*1,0)+IFERROR(AX8*1,0)+IFERROR(BK8*1,0)+IFERROR(BX8*1,0)+IFERROR(CK8*1,0)+IFERROR(CX8*1,0)+IFERROR(DK8*1,0)+IFERROR(DX8*1,0)+IFERROR(EK8*1,0)+IFERROR(EX8*1,0)+IFERROR(FK8*1,0) -> 0 | FV8: =IFERROR(Y8*1,0)+IFERROR(AL8*1,0)+IFERROR(AY8*1,0)+IFERROR(BL8*1,0)+IFERROR(BY8*1,0)+IFERROR(CL8*1,0)+IFERROR(CY8*1,0)+IFERROR(DL8*1,0)+IFERROR(DY8*1,0)+IFERROR(EL8*1,0)+IFERROR(EY8*1,0)+IFERROR(FL8*1,0) -> 0 | FX8: =N8+IFERROR(FW8*1,0) -> 0
A9: =IF(C9<>"","DRG-"&TEXT(6,"000"),"") -> DRG-006 | B9: Exception | C9: Exception | D9: Brunche | E9: هضبه أ | F9: Cairo | I9: 0.95833333 | L9: 4 | M9: =IF(N9>=4,"✔ Completed","✘ Pending") -> ✘ Pending | N9: =(P9="✔")+(AC9="✔")+(AP9="✔")+(BC9="✔")+(BP9="✔")+(CC9="✔")+(CP9="✔")+(DC9="✔")+(DP9="✔")+(EC9="✔")+(EP9="✔")+(FC9="✔") -> 0 | FO9: =IFERROR(R9*1,0)+IFERROR(AE9*1,0)+IFERROR(AR9*1,0)+IFERROR(BE9*1,0)+IFERROR(BR9*1,0)+IFERROR(CE9*1,0)+IFERROR(CR9*1,0)+IFERROR(DE9*1,0)+IFERROR(DR9*1,0)+IFERROR(EE9*1,0)+IFERROR(ER9*1,0)+IFERROR(FE9*1,0) -> 0 | FP9: =IFERROR(S9*1,0)+IFERROR(AF9*1,0)+IFERROR(AS9*1,0)+IFERROR(BF9*1,0)+IFERROR(BS9*1,0)+IFERROR(CF9*1,0)+IFERROR(CS9*1,0)+IFERROR(DF9*1,0)+IFERROR(DS9*1,0)+IFERROR(EF9*1,0)+IFERROR(ES9*1,0)+IFERROR(FF9*1,0) -> 0 | FQ9: =IFERROR(T9*1,0)+IFERROR(AG9*1,0)+IFERROR(AT9*1,0)+IFERROR(BG9*1,0)+IFERROR(BT9*1,0)+IFERROR(CG9*1,0)+IFERROR(CT9*1,0)+IFERROR(DG9*1,0)+IFERROR(DT9*1,0)+IFERROR(EG9*1,0)+IFERROR(ET9*1,0)+IFERROR(FG9*1,0) -> 0 | FR9: =IFERROR(U9*1,0)+IFERROR(AH9*1,0)+IFERROR(AU9*1,0)+IFERROR(BH9*1,0)+IFERROR(BU9*1,0)+IFERROR(CH9*1,0)+IFERROR(CU9*1,0)+IFERROR(DH9*1,0)+IFERROR(DU9*1,0)+IFERROR(EH9*1,0)+IFERROR(EU9*1,0)+IFERROR(FH9*1,0) -> 0 | FS9: =IFERROR(V9*1,0)+IFERROR(AI9*1,0)+IFERROR(AV9*1,0)+IFERROR(BI9*1,0)+IFERROR(BV9*1,0)+IFERROR(CI9*1,0)+IFERROR(CV9*1,0)+IFERROR(DI9*1,0)+IFERROR(DV9*1,0)+IFERROR(EI9*1,0)+IFERROR(EV9*1,0)+IFERROR(FI9*1,0) -> 0 | FT9: =IFERROR(W9*1,0)+IFERROR(AJ9*1,0)+IFERROR(AW9*1,0)+IFERROR(BJ9*1,0)+IFERROR(BW9*1,0)+IFERROR(CJ9*1,0)+IFERROR(CW9*1,0)+IFERROR(DJ9*1,0)+IFERROR(DW9*1,0)+IFERROR(EJ9*1,0)+IFERROR(EW9*1,0)+IFERROR(FJ9*1,0) -> 0 | FU9: =IFERROR(X9*1,0)+IFERROR(AK9*1,0)+IFERROR(AX9*1,0)+IFERROR(BK9*1,0)+IFERROR(BX9*1,0)+IFERROR(CK9*1,0)+IFERROR(CX9*1,0)+IFERROR(DK9*1,0)+IFERROR(DX9*1,0)+IFERROR(EK9*1,0)+IFERROR(EX9*1,0)+IFERROR(FK9*1,0) -> 0 | FV9: =IFERROR(Y9*1,0)+IFERROR(AL9*1,0)+IFERROR(AY9*1,0)+IFERROR(BL9*1,0)+IFERROR(BY9*1,0)+IFERROR(CL9*1,0)+IFERROR(CY9*1,0)+IFERROR(DL9*1,0)+IFERROR(DY9*1,0)+IFERROR(EL9*1,0)+IFERROR(EY9*1,0)+IFERROR(FL9*1,0) -> 0 | FX9: =N9+IFERROR(FW9*1,0) -> 0
A10: =IF(C10<>"","DRG-"&TEXT(7,"000"),"") -> DRG-007 | B10: Exception | C10: Exception | D10: Brunche | E10: هضبه ن | F10: Cairo | I10: 0.95833333 | L10: 4 | M10: =IF(N10>=4,"✔ Completed","✘ Pending") -> ✘ Pending | N10: =(P10="✔")+(AC10="✔")+(AP10="✔")+(BC10="✔")+(BP10="✔")+(CC10="✔")+(CP10="✔")+(DC10="✔")+(DP10="✔")+(EC10="✔")+(EP10="✔")+(FC10="✔") -> 0 | FO10: =IFERROR(R10*1,0)+IFERROR(AE10*1,0)+IFERROR(AR10*1,0)+IFERROR(BE10*1,0)+IFERROR(BR10*1,0)+IFERROR(CE10*1,0)+IFERROR(CR10*1,0)+IFERROR(DE10*1,0)+IFERROR(DR10*1,0)+IFERROR(EE10*1,0)+IFERROR(ER10*1,0)+IFERROR(FE10*1,0) -> 0 | FP10: =IFERROR(S10*1,0)+IFERROR(AF10*1,0)+IFERROR(AS10*1,0)+IFERROR(BF10*1,0)+IFERROR(BS10*1,0)+IFERROR(CF10*1,0)+IFERROR(CS10*1,0)+IFERROR(DF10*1,0)+IFERROR(DS10*1,0)+IFERROR(EF10*1,0)+IFERROR(ES10*1,0)+IFERROR(FF10*1,0) -> 0 | FQ10: =IFERROR(T10*1,0)+IFERROR(AG10*1,0)+IFERROR(AT10*1,0)+IFERROR(BG10*1,0)+IFERROR(BT10*1,0)+IFERROR(CG10*1,0)+IFERROR(CT10*1,0)+IFERROR(DG10*1,0)+IFERROR(DT10*1,0)+IFERROR(EG10*1,0)+IFERROR(ET10*1,0)+IFERROR(FG10*1,0) -> 0 | FR10: =IFERROR(U10*1,0)+IFERROR(AH10*1,0)+IFERROR(AU10*1,0)+IFERROR(BH10*1,0)+IFERROR(BU10*1,0)+IFERROR(CH10*1,0)+IFERROR(CU10*1,0)+IFERROR(DH10*1,0)+IFERROR(DU10*1,0)+IFERROR(EH10*1,0)+IFERROR(EU10*1,0)+IFERROR(FH10*1,0) -> 0 | FS10: =IFERROR(V10*1,0)+IFERROR(AI10*1,0)+IFERROR(AV10*1,0)+IFERROR(BI10*1,0)+IFERROR(BV10*1,0)+IFERROR(CI10*1,0)+IFERROR(CV10*1,0)+IFERROR(DI10*1,0)+IFERROR(DV10*1,0)+IFERROR(EI10*1,0)+IFERROR(EV10*1,0)+IFERROR(FI10*1,0) -> 0 | FT10: =IFERROR(W10*1,0)+IFERROR(AJ10*1,0)+IFERROR(AW10*1,0)+IFERROR(BJ10*1,0)+IFERROR(BW10*1,0)+IFERROR(CJ10*1,0)+IFERROR(CW10*1,0)+IFERROR(DJ10*1,0)+IFERROR(DW10*1,0)+IFERROR(EJ10*1,0)+IFERROR(EW10*1,0)+IFERROR(FJ10*1,0) -> 0 | FU10: =IFERROR(X10*1,0)+IFERROR(AK10*1,0)+IFERROR(AX10*1,0)+IFERROR(BK10*1,0)+IFERROR(BX10*1,0)+IFERROR(CK10*1,0)+IFERROR(CX10*1,0)+IFERROR(DK10*1,0)+IFERROR(DX10*1,0)+IFERROR(EK10*1,0)+IFERROR(EX10*1,0)+IFERROR(FK10*1,0) -> 0 | FV10: =IFERROR(Y10*1,0)+IFERROR(AL10*1,0)+IFERROR(AY10*1,0)+IFERROR(BL10*1,0)+IFERROR(BY10*1,0)+IFERROR(CL10*1,0)+IFERROR(CY10*1,0)+IFERROR(DL10*1,0)+IFERROR(DY10*1,0)+IFERROR(EL10*1,0)+IFERROR(EY10*1,0)+IFERROR(FL10*1,0) -> 0 | FX10: =N10+IFERROR(FW10*1,0) -> 0
A11: =IF(C11<>"","DRG-"&TEXT(8,"000"),"") -> DRG-008 | B11: Exception | C11: Exception | D11: Brunche | E11: هضبه س | F11: Cairo | I11: 0.95833333 | L11: 4 | M11: =IF(N11>=4,"✔ Completed","✘ Pending") -> ✘ Pending | N11: =(P11="✔")+(AC11="✔")+(AP11="✔")+(BC11="✔")+(BP11="✔")+(CC11="✔")+(CP11="✔")+(DC11="✔")+(DP11="✔")+(EC11="✔")+(EP11="✔")+(FC11="✔") -> 0 | FO11: =IFERROR(R11*1,0)+IFERROR(AE11*1,0)+IFERROR(AR11*1,0)+IFERROR(BE11*1,0)+IFERROR(BR11*1,0)+IFERROR(CE11*1,0)+IFERROR(CR11*1,0)+IFERROR(DE11*1,0)+IFERROR(DR11*1,0)+IFERROR(EE11*1,0)+IFERROR(ER11*1,0)+IFERROR(FE11*1,0) -> 0 | FP11: =IFERROR(S11*1,0)+IFERROR(AF11*1,0)+IFERROR(AS11*1,0)+IFERROR(BF11*1,0)+IFERROR(BS11*1,0)+IFERROR(CF11*1,0)+IFERROR(CS11*1,0)+IFERROR(DF11*1,0)+IFERROR(DS11*1,0)+IFERROR(EF11*1,0)+IFERROR(ES11*1,0)+IFERROR(FF11*1,0) -> 0 | FQ11: =IFERROR(T11*1,0)+IFERROR(AG11*1,0)+IFERROR(AT11*1,0)+IFERROR(BG11*1,0)+IFERROR(BT11*1,0)+IFERROR(CG11*1,0)+IFERROR(CT11*1,0)+IFERROR(DG11*1,0)+IFERROR(DT11*1,0)+IFERROR(EG11*1,0)+IFERROR(ET11*1,0)+IFERROR(FG11*1,0) -> 0 | FR11: =IFERROR(U11*1,0)+IFERROR(AH11*1,0)+IFERROR(AU11*1,0)+IFERROR(BH11*1,0)+IFERROR(BU11*1,0)+IFERROR(CH11*1,0)+IFERROR(CU11*1,0)+IFERROR(DH11*1,0)+IFERROR(DU11*1,0)+IFERROR(EH11*1,0)+IFERROR(EU11*1,0)+IFERROR(FH11*1,0) -> 0 | FS11: =IFERROR(V11*1,0)+IFERROR(AI11*1,0)+IFERROR(AV11*1,0)+IFERROR(BI11*1,0)+IFERROR(BV11*1,0)+IFERROR(CI11*1,0)+IFERROR(CV11*1,0)+IFERROR(DI11*1,0)+IFERROR(DV11*1,0)+IFERROR(EI11*1,0)+IFERROR(EV11*1,0)+IFERROR(FI11*1,0) -> 0 | FT11: =IFERROR(W11*1,0)+IFERROR(AJ11*1,0)+IFERROR(AW11*1,0)+IFERROR(BJ11*1,0)+IFERROR(BW11*1,0)+IFERROR(CJ11*1,0)+IFERROR(CW11*1,0)+IFERROR(DJ11*1,0)+IFERROR(DW11*1,0)+IFERROR(EJ11*1,0)+IFERROR(EW11*1,0)+IFERROR(FJ11*1,0) -> 0 | FU11: =IFERROR(X11*1,0)+IFERROR(AK11*1,0)+IFERROR(AX11*1,0)+IFERROR(BK11*1,0)+IFERROR(BX11*1,0)+IFERROR(CK11*1,0)+IFERROR(CX11*1,0)+IFERROR(DK11*1,0)+IFERROR(DX11*1,0)+IFERROR(EK11*1,0)+IFERROR(EX11*1,0)+IFERROR(FK11*1,0) -> 0 | FV11: =IFERROR(Y11*1,0)+IFERROR(AL11*1,0)+IFERROR(AY11*1,0)+IFERROR(BL11*1,0)+IFERROR(BY11*1,0)+IFERROR(CL11*1,0)+IFERROR(CY11*1,0)+IFERROR(DL11*1,0)+IFERROR(DY11*1,0)+IFERROR(EL11*1,0)+IFERROR(EY11*1,0)+IFERROR(FL11*1,0) -> 0 | FX11: =N11+IFERROR(FW11*1,0) -> 0
A12: =IF(C12<>"","DRG-"&TEXT(9,"000"),"") -> DRG-009 | B12: Exception | C12: Exception | D12: Brunche | E12: غرب سوميد | F12: Giza | G12: Sunday | I12: 0.95833333 | J12: 60min | K12: 4 | L12: 4 | M12: =IF(N12>=4,"✔ Completed","✘ Pending") -> ✘ Pending | N12: =(P12="✔")+(AC12="✔")+(AP12="✔")+(BC12="✔")+(BP12="✔")+(CC12="✔")+(CP12="✔")+(DC12="✔")+(DP12="✔")+(EC12="✔")+(EP12="✔")+(FC12="✔") -> 0 | FO12: =IFERROR(R12*1,0)+IFERROR(AE12*1,0)+IFERROR(AR12*1,0)+IFERROR(BE12*1,0)+IFERROR(BR12*1,0)+IFERROR(CE12*1,0)+IFERROR(CR12*1,0)+IFERROR(DE12*1,0)+IFERROR(DR12*1,0)+IFERROR(EE12*1,0)+IFERROR(ER12*1,0)+IFERROR(FE12*1,0) -> 0 | FP12: =IFERROR(S12*1,0)+IFERROR(AF12*1,0)+IFERROR(AS12*1,0)+IFERROR(BF12*1,0)+IFERROR(BS12*1,0)+IFERROR(CF12*1,0)+IFERROR(CS12*1,0)+IFERROR(DF12*1,0)+IFERROR(DS12*1,0)+IFERROR(EF12*1,0)+IFERROR(ES12*1,0)+IFERROR(FF12*1,0) -> 0 | FQ12: =IFERROR(T12*1,0)+IFERROR(AG12*1,0)+IFERROR(AT12*1,0)+IFERROR(BG12*1,0)+IFERROR(BT12*1,0)+IFERROR(CG12*1,0)+IFERROR(CT12*1,0)+IFERROR(DG12*1,0)+IFERROR(DT12*1,0)+IFERROR(EG12*1,0)+IFERROR(ET12*1,0)+IFERROR(FG12*1,0) -> 0 | FR12: =IFERROR(U12*1,0)+IFERROR(AH12*1,0)+IFERROR(AU12*1,0)+IFERROR(BH12*1,0)+IFERROR(BU12*1,0)+IFERROR(CH12*1,0)+IFERROR(CU12*1,0)+IFERROR(DH12*1,0)+IFERROR(DU12*1,0)+IFERROR(EH12*1,0)+IFERROR(EU12*1,0)+IFERROR(FH12*1,0) -> 0 | FS12: =IFERROR(V12*1,0)+IFERROR(AI12*1,0)+IFERROR(AV12*1,0)+IFERROR(BI12*1,0)+IFERROR(BV12*1,0)+IFERROR(CI12*1,0)+IFERROR(CV12*1,0)+IFERROR(DI12*1,0)+IFERROR(DV12*1,0)+IFERROR(EI12*1,0)+IFERROR(EV12*1,0)+IFERROR(FI12*1,0) -> 0 | FT12: =IFERROR(W12*1,0)+IFERROR(AJ12*1,0)+IFERROR(AW12*1,0)+IFERROR(BJ12*1,0)+IFERROR(BW12*1,0)+IFERROR(CJ12*1,0)+IFERROR(CW12*1,0)+IFERROR(DJ12*1,0)+IFERROR(DW12*1,0)+IFERROR(EJ12*1,0)+IFERROR(EW12*1,0)+IFERROR(FJ12*1,0) -> 0 | FU12: =IFERROR(X12*1,0)+IFERROR(AK12*1,0)+IFERROR(AX12*1,0)+IFERROR(BK12*1,0)+IFERROR(BX12*1,0)+IFERROR(CK12*1,0)+IFERROR(CX12*1,0)+IFERROR(DK12*1,0)+IFERROR(DX12*1,0)+IFERROR(EK12*1,0)+IFERROR(EX12*1,0)+IFERROR(FK12*1,0) -> 0 | FV12: =IFERROR(Y12*1,0)+IFERROR(AL12*1,0)+IFERROR(AY12*1,0)+IFERROR(BL12*1,0)+IFERROR(BY12*1,0)+IFERROR(CL12*1,0)+IFERROR(CY12*1,0)+IFERROR(DL12*1,0)+IFERROR(DY12*1,0)+IFERROR(EL12*1,0)+IFERROR(EY12*1,0)+IFERROR(FL12*1,0) -> 0 | FX12: =N12+IFERROR(FW12*1,0) -> 0
A13: =IF(C13<>"","DRG-"&TEXT(10,"000"),"") -> DRG-010 | B13: Exception | C13: Exception | D13: Brunche | E13: جمال عبد الناصر | F13: Giza | G13: Sunday | I13: 0.95833333 | J13: 60min | K13: 3 | L13: 4 | M13: =IF(N13>=4,"✔ Completed","✘ Pending") -> ✘ Pending | N13: =(P13="✔")+(AC13="✔")+(AP13="✔")+(BC13="✔")+(BP13="✔")+(CC13="✔")+(CP13="✔")+(DC13="✔")+(DP13="✔")+(EC13="✔")+(EP13="✔")+(FC13="✔") -> 0 | FO13: =IFERROR(R13*1,0)+IFERROR(AE13*1,0)+IFERROR(AR13*1,0)+IFERROR(BE13*1,0)+IFERROR(BR13*1,0)+IFERROR(CE13*1,0)+IFERROR(CR13*1,0)+IFERROR(DE13*1,0)+IFERROR(DR13*1,0)+IFERROR(EE13*1,0)+IFERROR(ER13*1,0)+IFERROR(FE13*1,0) -> 0 | FP13: =IFERROR(S13*1,0)+IFERROR(AF13*1,0)+IFERROR(AS13*1,0)+IFERROR(BF13*1,0)+IFERROR(BS13*1,0)+IFERROR(CF13*1,0)+IFERROR(CS13*1,0)+IFERROR(DF13*1,0)+IFERROR(DS13*1,0)+IFERROR(EF13*1,0)+IFERROR(ES13*1,0)+IFERROR(FF13*1,0) -> 0 | FQ13: =IFERROR(T13*1,0)+IFERROR(AG13*1,0)+IFERROR(AT13*1,0)+IFERROR(BG13*1,0)+IFERROR(BT13*1,0)+IFERROR(CG13*1,0)+IFERROR(CT13*1,0)+IFERROR(DG13*1,0)+IFERROR(DT13*1,0)+IFERROR(EG13*1,0)+IFERROR(ET13*1,0)+IFERROR(FG13*1,0) -> 0 | FR13: =IFERROR(U13*1,0)+IFERROR(AH13*1,0)+IFERROR(AU13*1,0)+IFERROR(BH13*1,0)+IFERROR(BU13*1,0)+IFERROR(CH13*1,0)+IFERROR(CU13*1,0)+IFERROR(DH13*1,0)+IFERROR(DU13*1,0)+IFERROR(EH13*1,0)+IFERROR(EU13*1,0)+IFERROR(FH13*1,0) -> 0 | FS13: =IFERROR(V13*1,0)+IFERROR(AI13*1,0)+IFERROR(AV13*1,0)+IFERROR(BI13*1,0)+IFERROR(BV13*1,0)+IFERROR(CI13*1,0)+IFERROR(CV13*1,0)+IFERROR(DI13*1,0)+IFERROR(DV13*1,0)+IFERROR(EI13*1,0)+IFERROR(EV13*1,0)+IFERROR(FI13*1,0) -> 0 | FT13: =IFERROR(W13*1,0)+IFERROR(AJ13*1,0)+IFERROR(AW13*1,0)+IFERROR(BJ13*1,0)+IFERROR(BW13*1,0)+IFERROR(CJ13*1,0)+IFERROR(CW13*1,0)+IFERROR(DJ13*1,0)+IFERROR(DW13*1,0)+IFERROR(EJ13*1,0)+IFERROR(EW13*1,0)+IFERROR(FJ13*1,0) -> 0 | FU13: =IFERROR(X13*1,0)+IFERROR(AK13*1,0)+IFERROR(AX13*1,0)+IFERROR(BK13*1,0)+IFERROR(BX13*1,0)+IFERROR(CK13*1,0)+IFERROR(CX13*1,0)+IFERROR(DK13*1,0)+IFERROR(DX13*1,0)+IFERROR(EK13*1,0)+IFERROR(EX13*1,0)+IFERROR(FK13*1,0) -> 0 | FV13: =IFERROR(Y13*1,0)+IFERROR(AL13*1,0)+IFERROR(AY13*1,0)+IFERROR(BL13*1,0)+IFERROR(BY13*1,0)+IFERROR(CL13*1,0)+IFERROR(CY13*1,0)+IFERROR(DL13*1,0)+IFERROR(DY13*1,0)+IFERROR(EL13*1,0)+IFERROR(EY13*1,0)+IFERROR(FL13*1,0) -> 0 | FX13: =N13+IFERROR(FW13*1,0) -> 0
A14: =IF(C14<>"","DRG-"&TEXT(11,"000"),"") -> DRG-011 | B14: Exception | C14: Exception | D14: Brunche | E14: زايد | F14: Giza | G14: Sunday | I14: 0.95833333 | J14: 60min | K14: 2 | L14: 4 | M14: =IF(N14>=4,"✔ Completed","✘ Pending") -> ✘ Pending | N14: =(P14="✔")+(AC14="✔")+(AP14="✔")+(BC14="✔")+(BP14="✔")+(CC14="✔")+(CP14="✔")+(DC14="✔")+(DP14="✔")+(EC14="✔")+(EP14="✔")+(FC14="✔") -> 0 | FO14: =IFERROR(R14*1,0)+IFERROR(AE14*1,0)+IFERROR(AR14*1,0)+IFERROR(BE14*1,0)+IFERROR(BR14*1,0)+IFERROR(CE14*1,0)+IFERROR(CR14*1,0)+IFERROR(DE14*1,0)+IFERROR(DR14*1,0)+IFERROR(EE14*1,0)+IFERROR(ER14*1,0)+IFERROR(FE14*1,0) -> 0 | FP14: =IFERROR(S14*1,0)+IFERROR(AF14*1,0)+IFERROR(AS14*1,0)+IFERROR(BF14*1,0)+IFERROR(BS14*1,0)+IFERROR(CF14*1,0)+IFERROR(CS14*1,0)+IFERROR(DF14*1,0)+IFERROR(DS14*1,0)+IFERROR(EF14*1,0)+IFERROR(ES14*1,0)+IFERROR(FF14*1,0) -> 0 | FQ14: =IFERROR(T14*1,0)+IFERROR(AG14*1,0)+IFERROR(AT14*1,0)+IFERROR(BG14*1,0)+IFERROR(BT14*1,0)+IFERROR(CG14*1,0)+IFERROR(CT14*1,0)+IFERROR(DG14*1,0)+IFERROR(DT14*1,0)+IFERROR(EG14*1,0)+IFERROR(ET14*1,0)+IFERROR(FG14*1,0) -> 0 | FR14: =IFERROR(U14*1,0)+IFERROR(AH14*1,0)+IFERROR(AU14*1,0)+IFERROR(BH14*1,0)+IFERROR(BU14*1,0)+IFERROR(CH14*1,0)+IFERROR(CU14*1,0)+IFERROR(DH14*1,0)+IFERROR(DU14*1,0)+IFERROR(EH14*1,0)+IFERROR(EU14*1,0)+IFERROR(FH14*1,0) -> 0 | FS14: =IFERROR(V14*1,0)+IFERROR(AI14*1,0)+IFERROR(AV14*1,0)+IFERROR(BI14*1,0)+IFERROR(BV14*1,0)+IFERROR(CI14*1,0)+IFERROR(CV14*1,0)+IFERROR(DI14*1,0)+IFERROR(DV14*1,0)+IFERROR(EI14*1,0)+IFERROR(EV14*1,0)+IFERROR(FI14*1,0) -> 0 | FT14: =IFERROR(W14*1,0)+IFERROR(AJ14*1,0)+IFERROR(AW14*1,0)+IFERROR(BJ14*1,0)+IFERROR(BW14*1,0)+IFERROR(CJ14*1,0)+IFERROR(CW14*1,0)+IFERROR(DJ14*1,0)+IFERROR(DW14*1,0)+IFERROR(EJ14*1,0)+IFERROR(EW14*1,0)+IFERROR(FJ14*1,0) -> 0 | FU14: =IFERROR(X14*1,0)+IFERROR(AK14*1,0)+IFERROR(AX14*1,0)+IFERROR(BK14*1,0)+IFERROR(BX14*1,0)+IFERROR(CK14*1,0)+IFERROR(CX14*1,0)+IFERROR(DK14*1,0)+IFERROR(DX14*1,0)+IFERROR(EK14*1,0)+IFERROR(EX14*1,0)+IFERROR(FK14*1,0) -> 0 | FV14: =IFERROR(Y14*1,0)+IFERROR(AL14*1,0)+IFERROR(AY14*1,0)+IFERROR(BL14*1,0)+IFERROR(BY14*1,0)+IFERROR(CL14*1,0)+IFERROR(CY14*1,0)+IFERROR(DL14*1,0)+IFERROR(DY14*1,0)+IFERROR(EL14*1,0)+IFERROR(EY14*1,0)+IFERROR(FL14*1,0) -> 0 | FX14: =N14+IFERROR(FW14*1,0) -> 0
A15: =IF(C15<>"","DRG-"&TEXT(12,"000"),"") -> DRG-012 | B15: Exception | C15: Exception | D15: Brunche | E15: الحصري | F15: Giza | G15: Sunday | I15: 0.95833333 | J15: 60min | K15: 2 | L15: 4 | M15: =IF(N15>=4,"✔ Completed","✘ Pending") -> ✘ Pending | N15: =(P15="✔")+(AC15="✔")+(AP15="✔")+(BC15="✔")+(BP15="✔")+(CC15="✔")+(CP15="✔")+(DC15="✔")+(DP15="✔")+(EC15="✔")+(EP15="✔")+(FC15="✔") -> 0 | FO15: =IFERROR(R15*1,0)+IFERROR(AE15*1,0)+IFERROR(AR15*1,0)+IFERROR(BE15*1,0)+IFERROR(BR15*1,0)+IFERROR(CE15*1,0)+IFERROR(CR15*1,0)+IFERROR(DE15*1,0)+IFERROR(DR15*1,0)+IFERROR(EE15*1,0)+IFERROR(ER15*1,0)+IFERROR(FE15*1,0) -> 0 | FP15: =IFERROR(S15*1,0)+IFERROR(AF15*1,0)+IFERROR(AS15*1,0)+IFERROR(BF15*1,0)+IFERROR(BS15*1,0)+IFERROR(CF15*1,0)+IFERROR(CS15*1,0)+IFERROR(DF15*1,0)+IFERROR(DS15*1,0)+IFERROR(EF15*1,0)+IFERROR(ES15*1,0)+IFERROR(FF15*1,0) -> 0 | FQ15: =IFERROR(T15*1,0)+IFERROR(AG15*1,0)+IFERROR(AT15*1,0)+IFERROR(BG15*1,0)+IFERROR(BT15*1,0)+IFERROR(CG15*1,0)+IFERROR(CT15*1,0)+IFERROR(DG15*1,0)+IFERROR(DT15*1,0)+IFERROR(EG15*1,0)+IFERROR(ET15*1,0)+IFERROR(FG15*1,0) -> 0 | FR15: =IFERROR(U15*1,0)+IFERROR(AH15*1,0)+IFERROR(AU15*1,0)+IFERROR(BH15*1,0)+IFERROR(BU15*1,0)+IFERROR(CH15*1,0)+IFERROR(CU15*1,0)+IFERROR(DH15*1,0)+IFERROR(DU15*1,0)+IFERROR(EH15*1,0)+IFERROR(EU15*1,0)+IFERROR(FH15*1,0) -> 0 | FS15: =IFERROR(V15*1,0)+IFERROR(AI15*1,0)+IFERROR(AV15*1,0)+IFERROR(BI15*1,0)+IFERROR(BV15*1,0)+IFERROR(CI15*1,0)+IFERROR(CV15*1,0)+IFERROR(DI15*1,0)+IFERROR(DV15*1,0)+IFERROR(EI15*1,0)+IFERROR(EV15*1,0)+IFERROR(FI15*1,0) -> 0 | FT15: =IFERROR(W15*1,0)+IFERROR(AJ15*1,0)+IFERROR(AW15*1,0)+IFERROR(BJ15*1,0)+IFERROR(BW15*1,0)+IFERROR(CJ15*1,0)+IFERROR(CW15*1,0)+IFERROR(DJ15*1,0)+IFERROR(DW15*1,0)+IFERROR(EJ15*1,0)+IFERROR(EW15*1,0)+IFERROR(FJ15*1,0) -> 0 | FU15: =IFERROR(X15*1,0)+IFERROR(AK15*1,0)+IFERROR(AX15*1,0)+IFERROR(BK15*1,0)+IFERROR(BX15*1,0)+IFERROR(CK15*1,0)+IFERROR(CX15*1,0)+IFERROR(DK15*1,0)+IFERROR(DX15*1,0)+IFERROR(EK15*1,0)+IFERROR(EX15*1,0)+IFERROR(FK15*1,0) -> 0 | FV15: =IFERROR(Y15*1,0)+IFERROR(AL15*1,0)+IFERROR(AY15*1,0)+IFERROR(BL15*1,0)+IFERROR(BY15*1,0)+IFERROR(CL15*1,0)+IFERROR(CY15*1,0)+IFERROR(DL15*1,0)+IFERROR(DY15*1,0)+IFERROR(EL15*1,0)+IFERROR(EY15*1,0)+IFERROR(FL15*1,0) -> 0 | FX15: =N15+IFERROR(FW15*1,0) -> 0
A16: =IF(C16<>"","DRG-"&TEXT(13,"000"),"") -> DRG-013 | B16: Exception | C16: Exception | D16: Brunche | E16: الفيوم | F16: Fayoum | I16: 0.95833333 | L16: 4 | M16: =IF(N16>=4,"✔ Completed","✘ Pending") -> ✘ Pending | N16: =(P16="✔")+(AC16="✔")+(AP16="✔")+(BC16="✔")+(BP16="✔")+(CC16="✔")+(CP16="✔")+(DC16="✔")+(DP16="✔")+(EC16="✔")+(EP16="✔")+(FC16="✔") -> 0 | FO16: =IFERROR(R16*1,0)+IFERROR(AE16*1,0)+IFERROR(AR16*1,0)+IFERROR(BE16*1,0)+IFERROR(BR16*1,0)+IFERROR(CE16*1,0)+IFERROR(CR16*1,0)+IFERROR(DE16*1,0)+IFERROR(DR16*1,0)+IFERROR(EE16*1,0)+IFERROR(ER16*1,0)+IFERROR(FE16*1,0) -> 0 | FP16: =IFERROR(S16*1,0)+IFERROR(AF16*1,0)+IFERROR(AS16*1,0)+IFERROR(BF16*1,0)+IFERROR(BS16*1,0)+IFERROR(CF16*1,0)+IFERROR(CS16*1,0)+IFERROR(DF16*1,0)+IFERROR(DS16*1,0)+IFERROR(EF16*1,0)+IFERROR(ES16*1,0)+IFERROR(FF16*1,0) -> 0 | FQ16: =IFERROR(T16*1,0)+IFERROR(AG16*1,0)+IFERROR(AT16*1,0)+IFERROR(BG16*1,0)+IFERROR(BT16*1,0)+IFERROR(CG16*1,0)+IFERROR(CT16*1,0)+IFERROR(DG16*1,0)+IFERROR(DT16*1,0)+IFERROR(EG16*1,0)+IFERROR(ET16*1,0)+IFERROR(FG16*1,0) -> 0 | FR16: =IFERROR(U16*1,0)+IFERROR(AH16*1,0)+IFERROR(AU16*1,0)+IFERROR(BH16*1,0)+IFERROR(BU16*1,0)+IFERROR(CH16*1,0)+IFERROR(CU16*1,0)+IFERROR(DH16*1,0)+IFERROR(DU16*1,0)+IFERROR(EH16*1,0)+IFERROR(EU16*1,0)+IFERROR(FH16*1,0) -> 0 | FS16: =IFERROR(V16*1,0)+IFERROR(AI16*1,0)+IFERROR(AV16*1,0)+IFERROR(BI16*1,0)+IFERROR(BV16*1,0)+IFERROR(CI16*1,0)+IFERROR(CV16*1,0)+IFERROR(DI16*1,0)+IFERROR(DV16*1,0)+IFERROR(EI16*1,0)+IFERROR(EV16*1,0)+IFERROR(FI16*1,0) -> 0 | FT16: =IFERROR(W16*1,0)+IFERROR(AJ16*1,0)+IFERROR(AW16*1,0)+IFERROR(BJ16*1,0)+IFERROR(BW16*1,0)+IFERROR(CJ16*1,0)+IFERROR(CW16*1,0)+IFERROR(DJ16*1,0)+IFERROR(DW16*1,0)+IFERROR(EJ16*1,0)+IFERROR(EW16*1,0)+IFERROR(FJ16*1,0) -> 0 | FU16: =IFERROR(X16*1,0)+IFERROR(AK16*1,0)+IFERROR(AX16*1,0)+IFERROR(BK16*1,0)+IFERROR(BX16*1,0)+IFERROR(CK16*1,0)+IFERROR(CX16*1,0)+IFERROR(DK16*1,0)+IFERROR(DX16*1,0)+IFERROR(EK16*1,0)+IFERROR(EX16*1,0)+IFERROR(FK16*1,0) -> 0 | FV16: =IFERROR(Y16*1,0)+IFERROR(AL16*1,0)+IFERROR(AY16*1,0)+IFERROR(BL16*1,0)+IFERROR(BY16*1,0)+IFERROR(CL16*1,0)+IFERROR(CY16*1,0)+IFERROR(DL16*1,0)+IFERROR(DY16*1,0)+IFERROR(EL16*1,0)+IFERROR(EY16*1,0)+IFERROR(FL16*1,0) -> 0 | FX16: =N16+IFERROR(FW16*1,0) -> 0
A17: =IF(C17<>"","DRG-"&TEXT(14,"000"),"") -> DRG-014 | B17: Exception | C17: Exception | D17: Brunche | E17: جامعه MSA | F17: Giza | I17: 0.95833333 | L17: 4 | M17: =IF(N17>=4,"✔ Completed","✘ Pending") -> ✘ Pending | N17: =(P17="✔")+(AC17="✔")+(AP17="✔")+(BC17="✔")+(BP17="✔")+(CC17="✔")+(CP17="✔")+(DC17="✔")+(DP17="✔")+(EC17="✔")+(EP17="✔")+(FC17="✔") -> 0 | FO17: =IFERROR(R17*1,0)+IFERROR(AE17*1,0)+IFERROR(AR17*1,0)+IFERROR(BE17*1,0)+IFERROR(BR17*1,0)+IFERROR(CE17*1,0)+IFERROR(CR17*1,0)+IFERROR(DE17*1,0)+IFERROR(DR17*1,0)+IFERROR(EE17*1,0)+IFERROR(ER17*1,0)+IFERROR(FE17*1,0) -> 0 | FP17: =IFERROR(S17*1,0)+IFERROR(AF17*1,0)+IFERROR(AS17*1,0)+IFERROR(BF17*1,0)+IFERROR(BS17*1,0)+IFERROR(CF17*1,0)+IFERROR(CS17*1,0)+IFERROR(DF17*1,0)+IFERROR(DS17*1,0)+IFERROR(EF17*1,0)+IFERROR(ES17*1,0)+IFERROR(FF17*1,0) -> 0 | FQ17: =IFERROR(T17*1,0)+IFERROR(AG17*1,0)+IFERROR(AT17*1,0)+IFERROR(BG17*1,0)+IFERROR(BT17*1,0)+IFERROR(CG17*1,0)+IFERROR(CT17*1,0)+IFERROR(DG17*1,0)+IFERROR(DT17*1,0)+IFERROR(EG17*1,0)+IFERROR(ET17*1,0)+IFERROR(FG17*1,0) -> 0 | FR17: =IFERROR(U17*1,0)+IFERROR(AH17*1,0)+IFERROR(AU17*1,0)+IFERROR(BH17*1,0)+IFERROR(BU17*1,0)+IFERROR(CH17*1,0)+IFERROR(CU17*1,0)+IFERROR(DH17*1,0)+IFERROR(DU17*1,0)+IFERROR(EH17*1,0)+IFERROR(EU17*1,0)+IFERROR(FH17*1,0) -> 0 | FS17: =IFERROR(V17*1,0)+IFERROR(AI17*1,0)+IFERROR(AV17*1,0)+IFERROR(BI17*1,0)+IFERROR(BV17*1,0)+IFERROR(CI17*1,0)+IFERROR(CV17*1,0)+IFERROR(DI17*1,0)+IFERROR(DV17*1,0)+IFERROR(EI17*1,0)+IFERROR(EV17*1,0)+IFERROR(FI17*1,0) -> 0 | FT17: =IFERROR(W17*1,0)+IFERROR(AJ17*1,0)+IFERROR(AW17*1,0)+IFERROR(BJ17*1,0)+IFERROR(BW17*1,0)+IFERROR(CJ17*1,0)+IFERROR(CW17*1,0)+IFERROR(DJ17*1,0)+IFERROR(DW17*1,0)+IFERROR(EJ17*1,0)+IFERROR(EW17*1,0)+IFERROR(FJ17*1,0) -> 0 | FU17: =IFERROR(X17*1,0)+IFERROR(AK17*1,0)+IFERROR(AX17*1,0)+IFERROR(BK17*1,0)+IFERROR(BX17*1,0)+IFERROR(CK17*1,0)+IFERROR(CX17*1,0)+IFERROR(DK17*1,0)+IFERROR(DX17*1,0)+IFERROR(EK17*1,0)+IFERROR(EX17*1,0)+IFERROR(FK17*1,0) -> 0 | FV17: =IFERROR(Y17*1,0)+IFERROR(AL17*1,0)+IFERROR(AY17*1,0)+IFERROR(BL17*1,0)+IFERROR(BY17*1,0)+IFERROR(CL17*1,0)+IFERROR(CY17*1,0)+IFERROR(DL17*1,0)+IFERROR(DY17*1,0)+IFERROR(EL17*1,0)+IFERROR(EY17*1,0)+IFERROR(FL17*1,0) -> 0 | FX17: =N17+IFERROR(FW17*1,0) -> 0
A18: =IF(C18<>"","DRG-"&TEXT(15,"000"),"") -> DRG-015 | B18: Exception | C18: Exception | D18: Brunche | E18: المهندسين | F18: Giza | L18: 4 | M18: =IF(N18>=4,"✔ Completed","✘ Pending") -> ✘ Pending | N18: =(P18="✔")+(AC18="✔")+(AP18="✔")+(BC18="✔")+(BP18="✔")+(CC18="✔")+(CP18="✔")+(DC18="✔")+(DP18="✔")+(EC18="✔")+(EP18="✔")+(FC18="✔") -> 0 | FO18: =IFERROR(R18*1,0)+IFERROR(AE18*1,0)+IFERROR(AR18*1,0)+IFERROR(BE18*1,0)+IFERROR(BR18*1,0)+IFERROR(CE18*1,0)+IFERROR(CR18*1,0)+IFERROR(DE18*1,0)+IFERROR(DR18*1,0)+IFERROR(EE18*1,0)+IFERROR(ER18*1,0)+IFERROR(FE18*1,0) -> 0 | FP18: =IFERROR(S18*1,0)+IFERROR(AF18*1,0)+IFERROR(AS18*1,0)+IFERROR(BF18*1,0)+IFERROR(BS18*1,0)+IFERROR(CF18*1,0)+IFERROR(CS18*1,0)+IFERROR(DF18*1,0)+IFERROR(DS18*1,0)+IFERROR(EF18*1,0)+IFERROR(ES18*1,0)+IFERROR(FF18*1,0) -> 0 | FQ18: =IFERROR(T18*1,0)+IFERROR(AG18*1,0)+IFERROR(AT18*1,0)+IFERROR(BG18*1,0)+IFERROR(BT18*1,0)+IFERROR(CG18*1,0)+IFERROR(CT18*1,0)+IFERROR(DG18*1,0)+IFERROR(DT18*1,0)+IFERROR(EG18*1,0)+IFERROR(ET18*1,0)+IFERROR(FG18*1,0) -> 0 | FR18: =IFERROR(U18*1,0)+IFERROR(AH18*1,0)+IFERROR(AU18*1,0)+IFERROR(BH18*1,0)+IFERROR(BU18*1,0)+IFERROR(CH18*1,0)+IFERROR(CU18*1,0)+IFERROR(DH18*1,0)+IFERROR(DU18*1,0)+IFERROR(EH18*1,0)+IFERROR(EU18*1,0)+IFERROR(FH18*1,0) -> 0 | FS18: =IFERROR(V18*1,0)+IFERROR(AI18*1,0)+IFERROR(AV18*1,0)+IFERROR(BI18*1,0)+IFERROR(BV18*1,0)+IFERROR(CI18*1,0)+IFERROR(CV18*1,0)+IFERROR(DI18*1,0)+IFERROR(DV18*1,0)+IFERROR(EI18*1,0)+IFERROR(EV18*1,0)+IFERROR(FI18*1,0) -> 0 | FT18: =IFERROR(W18*1,0)+IFERROR(AJ18*1,0)+IFERROR(AW18*1,0)+IFERROR(BJ18*1,0)+IFERROR(BW18*1,0)+IFERROR(CJ18*1,0)+IFERROR(CW18*1,0)+IFERROR(DJ18*1,0)+IFERROR(DW18*1,0)+IFERROR(EJ18*1,0)+IFERROR(EW18*1,0)+IFERROR(FJ18*1,0) -> 0 | FU18: =IFERROR(X18*1,0)+IFERROR(AK18*1,0)+IFERROR(AX18*1,0)+IFERROR(BK18*1,0)+IFERROR(BX18*1,0)+IFERROR(CK18*1,0)+IFERROR(CX18*1,0)+IFERROR(DK18*1,0)+IFERROR(DX18*1,0)+IFERROR(EK18*1,0)+IFERROR(EX18*1,0)+IFERROR(FK18*1,0) -> 0 | FV18: =IFERROR(Y18*1,0)+IFERROR(AL18*1,0)+IFERROR(AY18*1,0)+IFERROR(BL18*1,0)+IFERROR(BY18*1,0)+IFERROR(CL18*1,0)+IFERROR(CY18*1,0)+IFERROR(DL18*1,0)+IFERROR(DY18*1,0)+IFERROR(EL18*1,0)+IFERROR(EY18*1,0)+IFERROR(FL18*1,0) -> 0 | FX18: =N18+IFERROR(FW18*1,0) -> 0
A19: =IF(C19<>"","DRG-"&TEXT(16,"000"),"") -> DRG-016 | B19: Exception | C19: Exception | D19: Brunche | E19: معادي لاسيلكي | F19: Cairo | L19: 4 | M19: =IF(N19>=4,"✔ Completed","✘ Pending") -> ✘ Pending | N19: =(P19="✔")+(AC19="✔")+(AP19="✔")+(BC19="✔")+(BP19="✔")+(CC19="✔")+(CP19="✔")+(DC19="✔")+(DP19="✔")+(EC19="✔")+(EP19="✔")+(FC19="✔") -> 0 | FO19: =IFERROR(R19*1,0)+IFERROR(AE19*1,0)+IFERROR(AR19*1,0)+IFERROR(BE19*1,0)+IFERROR(BR19*1,0)+IFERROR(CE19*1,0)+IFERROR(CR19*1,0)+IFERROR(DE19*1,0)+IFERROR(DR19*1,0)+IFERROR(EE19*1,0)+IFERROR(ER19*1,0)+IFERROR(FE19*1,0) -> 0 | FP19: =IFERROR(S19*1,0)+IFERROR(AF19*1,0)+IFERROR(AS19*1,0)+IFERROR(BF19*1,0)+IFERROR(BS19*1,0)+IFERROR(CF19*1,0)+IFERROR(CS19*1,0)+IFERROR(DF19*1,0)+IFERROR(DS19*1,0)+IFERROR(EF19*1,0)+IFERROR(ES19*1,0)+IFERROR(FF19*1,0) -> 0 | FQ19: =IFERROR(T19*1,0)+IFERROR(AG19*1,0)+IFERROR(AT19*1,0)+IFERROR(BG19*1,0)+IFERROR(BT19*1,0)+IFERROR(CG19*1,0)+IFERROR(CT19*1,0)+IFERROR(DG19*1,0)+IFERROR(DT19*1,0)+IFERROR(EG19*1,0)+IFERROR(ET19*1,0)+IFERROR(FG19*1,0) -> 0 | FR19: =IFERROR(U19*1,0)+IFERROR(AH19*1,0)+IFERROR(AU19*1,0)+IFERROR(BH19*1,0)+IFERROR(BU19*1,0)+IFERROR(CH19*1,0)+IFERROR(CU19*1,0)+IFERROR(DH19*1,0)+IFERROR(DU19*1,0)+IFERROR(EH19*1,0)+IFERROR(EU19*1,0)+IFERROR(FH19*1,0) -> 0 | FS19: =IFERROR(V19*1,0)+IFERROR(AI19*1,0)+IFERROR(AV19*1,0)+IFERROR(BI19*1,0)+IFERROR(BV19*1,0)+IFERROR(CI19*1,0)+IFERROR(CV19*1,0)+IFERROR(DI19*1,0)+IFERROR(DV19*1,0)+IFERROR(EI19*1,0)+IFERROR(EV19*1,0)+IFERROR(FI19*1,0) -> 0 | FT19: =IFERROR(W19*1,0)+IFERROR(AJ19*1,0)+IFERROR(AW19*1,0)+IFERROR(BJ19*1,0)+IFERROR(BW19*1,0)+IFERROR(CJ19*1,0)+IFERROR(CW19*1,0)+IFERROR(DJ19*1,0)+IFERROR(DW19*1,0)+IFERROR(EJ19*1,0)+IFERROR(EW19*1,0)+IFERROR(FJ19*1,0) -> 0 | FU19: =IFERROR(X19*1,0)+IFERROR(AK19*1,0)+IFERROR(AX19*1,0)+IFERROR(BK19*1,0)+IFERROR(BX19*1,0)+IFERROR(CK19*1,0)+IFERROR(CX19*1,0)+IFERROR(DK19*1,0)+IFERROR(DX19*1,0)+IFERROR(EK19*1,0)+IFERROR(EX19*1,0)+IFERROR(FK19*1,0) -> 0 | FV19: =IFERROR(Y19*1,0)+IFERROR(AL19*1,0)+IFERROR(AY19*1,0)+IFERROR(BL19*1,0)+IFERROR(BY19*1,0)+IFERROR(CL19*1,0)+IFERROR(CY19*1,0)+IFERROR(DL19*1,0)+IFERROR(DY19*1,0)+IFERROR(EL19*1,0)+IFERROR(EY19*1,0)+IFERROR(FL19*1,0) -> 0 | FX19: =N19+IFERROR(FW19*1,0) -> 0
A20: =IF(C20<>"","DRG-"&TEXT(17,"000"),"") -> DRG-017 | B20: Exception | C20: Exception | D20: Brunche | E20: معادي بيتشو | F20: Cairo | L20: 4 | M20: =IF(N20>=4,"✔ Completed","✘ Pending") -> ✘ Pending | N20: =(P20="✔")+(AC20="✔")+(AP20="✔")+(BC20="✔")+(BP20="✔")+(CC20="✔")+(CP20="✔")+(DC20="✔")+(DP20="✔")+(EC20="✔")+(EP20="✔")+(FC20="✔") -> 0 | FO20: =IFERROR(R20*1,0)+IFERROR(AE20*1,0)+IFERROR(AR20*1,0)+IFERROR(BE20*1,0)+IFERROR(BR20*1,0)+IFERROR(CE20*1,0)+IFERROR(CR20*1,0)+IFERROR(DE20*1,0)+IFERROR(DR20*1,0)+IFERROR(EE20*1,0)+IFERROR(ER20*1,0)+IFERROR(FE20*1,0) -> 0 | FP20: =IFERROR(S20*1,0)+IFERROR(AF20*1,0)+IFERROR(AS20*1,0)+IFERROR(BF20*1,0)+IFERROR(BS20*1,0)+IFERROR(CF20*1,0)+IFERROR(CS20*1,0)+IFERROR(DF20*1,0)+IFERROR(DS20*1,0)+IFERROR(EF20*1,0)+IFERROR(ES20*1,0)+IFERROR(FF20*1,0) -> 0 | FQ20: =IFERROR(T20*1,0)+IFERROR(AG20*1,0)+IFERROR(AT20*1,0)+IFERROR(BG20*1,0)+IFERROR(BT20*1,0)+IFERROR(CG20*1,0)+IFERROR(CT20*1,0)+IFERROR(DG20*1,0)+IFERROR(DT20*1,0)+IFERROR(EG20*1,0)+IFERROR(ET20*1,0)+IFERROR(FG20*1,0) -> 0 | FR20: =IFERROR(U20*1,0)+IFERROR(AH20*1,0)+IFERROR(AU20*1,0)+IFERROR(BH20*1,0)+IFERROR(BU20*1,0)+IFERROR(CH20*1,0)+IFERROR(CU20*1,0)+IFERROR(DH20*1,0)+IFERROR(DU20*1,0)+IFERROR(EH20*1,0)+IFERROR(EU20*1,0)+IFERROR(FH20*1,0) -> 0 | FS20: =IFERROR(V20*1,0)+IFERROR(AI20*1,0)+IFERROR(AV20*1,0)+IFERROR(BI20*1,0)+IFERROR(BV20*1,0)+IFERROR(CI20*1,0)+IFERROR(CV20*1,0)+IFERROR(DI20*1,0)+IFERROR(DV20*1,0)+IFERROR(EI20*1,0)+IFERROR(EV20*1,0)+IFERROR(FI20*1,0) -> 0 | FT20: =IFERROR(W20*1,0)+IFERROR(AJ20*1,0)+IFERROR(AW20*1,0)+IFERROR(BJ20*1,0)+IFERROR(BW20*1,0)+IFERROR(CJ20*1,0)+IFERROR(CW20*1,0)+IFERROR(DJ20*1,0)+IFERROR(DW20*1,0)+IFERROR(EJ20*1,0)+IFERROR(EW20*1,0)+IFERROR(FJ20*1,0) -> 0 | FU20: =IFERROR(X20*1,0)+IFERROR(AK20*1,0)+IFERROR(AX20*1,0)+IFERROR(BK20*1,0)+IFERROR(BX20*1,0)+IFERROR(CK20*1,0)+IFERROR(CX20*1,0)+IFERROR(DK20*1,0)+IFERROR(DX20*1,0)+IFERROR(EK20*1,0)+IFERROR(EX20*1,0)+IFERROR(FK20*1,0) -> 0 | FV20: =IFERROR(Y20*1,0)+IFERROR(AL20*1,0)+IFERROR(AY20*1,0)+IFERROR(BL20*1,0)+IFERROR(BY20*1,0)+IFERROR(CL20*1,0)+IFERROR(CY20*1,0)+IFERROR(DL20*1,0)+IFERROR(DY20*1,0)+IFERROR(EL20*1,0)+IFERROR(EY20*1,0)+IFERROR(FL20*1,0) -> 0 | FX20: =N20+IFERROR(FW20*1,0) -> 0
A21: =IF(C21<>"","DRG-"&TEXT(18,"000"),"") -> DRG-018 | B21: Exception | C21: Exception | D21: Brunche | E21: معادي دائري | F21: Cairo | L21: 4 | M21: =IF(N21>=4,"✔ Completed","✘ Pending") -> ✘ Pending | N21: =(P21="✔")+(AC21="✔")+(AP21="✔")+(BC21="✔")+(BP21="✔")+(CC21="✔")+(CP21="✔")+(DC21="✔")+(DP21="✔")+(EC21="✔")+(EP21="✔")+(FC21="✔") -> 0 | FO21: =IFERROR(R21*1,0)+IFERROR(AE21*1,0)+IFERROR(AR21*1,0)+IFERROR(BE21*1,0)+IFERROR(BR21*1,0)+IFERROR(CE21*1,0)+IFERROR(CR21*1,0)+IFERROR(DE21*1,0)+IFERROR(DR21*1,0)+IFERROR(EE21*1,0)+IFERROR(ER21*1,0)+IFERROR(FE21*1,0) -> 0 | FP21: =IFERROR(S21*1,0)+IFERROR(AF21*1,0)+IFERROR(AS21*1,0)+IFERROR(BF21*1,0)+IFERROR(BS21*1,0)+IFERROR(CF21*1,0)+IFERROR(CS21*1,0)+IFERROR(DF21*1,0)+IFERROR(DS21*1,0)+IFERROR(EF21*1,0)+IFERROR(ES21*1,0)+IFERROR(FF21*1,0) -> 0 | FQ21: =IFERROR(T21*1,0)+IFERROR(AG21*1,0)+IFERROR(AT21*1,0)+IFERROR(BG21*1,0)+IFERROR(BT21*1,0)+IFERROR(CG21*1,0)+IFERROR(CT21*1,0)+IFERROR(DG21*1,0)+IFERROR(DT21*1,0)+IFERROR(EG21*1,0)+IFERROR(ET21*1,0)+IFERROR(FG21*1,0) -> 0 | FR21: =IFERROR(U21*1,0)+IFERROR(AH21*1,0)+IFERROR(AU21*1,0)+IFERROR(BH21*1,0)+IFERROR(BU21*1,0)+IFERROR(CH21*1,0)+IFERROR(CU21*1,0)+IFERROR(DH21*1,0)+IFERROR(DU21*1,0)+IFERROR(EH21*1,0)+IFERROR(EU21*1,0)+IFERROR(FH21*1,0) -> 0 | FS21: =IFERROR(V21*1,0)+IFERROR(AI21*1,0)+IFERROR(AV21*1,0)+IFERROR(BI21*1,0)+IFERROR(BV21*1,0)+IFERROR(CI21*1,0)+IFERROR(CV21*1,0)+IFERROR(DI21*1,0)+IFERROR(DV21*1,0)+IFERROR(EI21*1,0)+IFERROR(EV21*1,0)+IFERROR(FI21*1,0) -> 0 | FT21: =IFERROR(W21*1,0)+IFERROR(AJ21*1,0)+IFERROR(AW21*1,0)+IFERROR(BJ21*1,0)+IFERROR(BW21*1,0)+IFERROR(CJ21*1,0)+IFERROR(CW21*1,0)+IFERROR(DJ21*1,0)+IFERROR(DW21*1,0)+IFERROR(EJ21*1,0)+IFERROR(EW21*1,0)+IFERROR(FJ21*1,0) -> 0 | FU21: =IFERROR(X21*1,0)+IFERROR(AK21*1,0)+IFERROR(AX21*1,0)+IFERROR(BK21*1,0)+IFERROR(BX21*1,0)+IFERROR(CK21*1,0)+IFERROR(CX21*1,0)+IFERROR(DK21*1,0)+IFERROR(DX21*1,0)+IFERROR(EK21*1,0)+IFERROR(EX21*1,0)+IFERROR(FK21*1,0) -> 0 | FV21: =IFERROR(Y21*1,0)+IFERROR(AL21*1,0)+IFERROR(AY21*1,0)+IFERROR(BL21*1,0)+IFERROR(BY21*1,0)+IFERROR(CL21*1,0)+IFERROR(CY21*1,0)+IFERROR(DL21*1,0)+IFERROR(DY21*1,0)+IFERROR(EL21*1,0)+IFERROR(EY21*1,0)+IFERROR(FL21*1,0) -> 0 | FX21: =N21+IFERROR(FW21*1,0) -> 0
A22: =IF(C22<>"","DRG-"&TEXT(19,"000"),"") -> DRG-019 | B22: Exception | C22: Exception | D22: Brunche | E22: مقطم | F22: Cairo | L22: 4 | M22: =IF(N22>=4,"✔ Completed","✘ Pending") -> ✘ Pending | N22: =(P22="✔")+(AC22="✔")+(AP22="✔")+(BC22="✔")+(BP22="✔")+(CC22="✔")+(CP22="✔")+(DC22="✔")+(DP22="✔")+(EC22="✔")+(EP22="✔")+(FC22="✔") -> 0 | FO22: =IFERROR(R22*1,0)+IFERROR(AE22*1,0)+IFERROR(AR22*1,0)+IFERROR(BE22*1,0)+IFERROR(BR22*1,0)+IFERROR(CE22*1,0)+IFERROR(CR22*1,0)+IFERROR(DE22*1,0)+IFERROR(DR22*1,0)+IFERROR(EE22*1,0)+IFERROR(ER22*1,0)+IFERROR(FE22*1,0) -> 0 | FP22: =IFERROR(S22*1,0)+IFERROR(AF22*1,0)+IFERROR(AS22*1,0)+IFERROR(BF22*1,0)+IFERROR(BS22*1,0)+IFERROR(CF22*1,0)+IFERROR(CS22*1,0)+IFERROR(DF22*1,0)+IFERROR(DS22*1,0)+IFERROR(EF22*1,0)+IFERROR(ES22*1,0)+IFERROR(FF22*1,0) -> 0 | FQ22: =IFERROR(T22*1,0)+IFERROR(AG22*1,0)+IFERROR(AT22*1,0)+IFERROR(BG22*1,0)+IFERROR(BT22*1,0)+IFERROR(CG22*1,0)+IFERROR(CT22*1,0)+IFERROR(DG22*1,0)+IFERROR(DT22*1,0)+IFERROR(EG22*1,0)+IFERROR(ET22*1,0)+IFERROR(FG22*1,0) -> 0 | FR22: =IFERROR(U22*1,0)+IFERROR(AH22*1,0)+IFERROR(AU22*1,0)+IFERROR(BH22*1,0)+IFERROR(BU22*1,0)+IFERROR(CH22*1,0)+IFERROR(CU22*1,0)+IFERROR(DH22*1,0)+IFERROR(DU22*1,0)+IFERROR(EH22*1,0)+IFERROR(EU22*1,0)+IFERROR(FH22*1,0) -> 0 | FS22: =IFERROR(V22*1,0)+IFERROR(AI22*1,0)+IFERROR(AV22*1,0)+IFERROR(BI22*1,0)+IFERROR(BV22*1,0)+IFERROR(CI22*1,0)+IFERROR(CV22*1,0)+IFERROR(DI22*1,0)+IFERROR(DV22*1,0)+IFERROR(EI22*1,0)+IFERROR(EV22*1,0)+IFERROR(FI22*1,0) -> 0 | FT22: =IFERROR(W22*1,0)+IFERROR(AJ22*1,0)+IFERROR(AW22*1,0)+IFERROR(BJ22*1,0)+IFERROR(BW22*1,0)+IFERROR(CJ22*1,0)+IFERROR(CW22*1,0)+IFERROR(DJ22*1,0)+IFERROR(DW22*1,0)+IFERROR(EJ22*1,0)+IFERROR(EW22*1,0)+IFERROR(FJ22*1,0) -> 0 | FU22: =IFERROR(X22*1,0)+IFERROR(AK22*1,0)+IFERROR(AX22*1,0)+IFERROR(BK22*1,0)+IFERROR(BX22*1,0)+IFERROR(CK22*1,0)+IFERROR(CX22*1,0)+IFERROR(DK22*1,0)+IFERROR(DX22*1,0)+IFERROR(EK22*1,0)+IFERROR(EX22*1,0)+IFERROR(FK22*1,0) -> 0 | FV22: =IFERROR(Y22*1,0)+IFERROR(AL22*1,0)+IFERROR(AY22*1,0)+IFERROR(BL22*1,0)+IFERROR(BY22*1,0)+IFERROR(CL22*1,0)+IFERROR(CY22*1,0)+IFERROR(DL22*1,0)+IFERROR(DY22*1,0)+IFERROR(EL22*1,0)+IFERROR(EY22*1,0)+IFERROR(FL22*1,0) -> 0 | FX22: =N22+IFERROR(FW22*1,0) -> 0
A23: =IF(C23<>"","DRG-"&TEXT(20,"000"),"") -> DRG-020 | B23: Exception | C23: Exception | D23: Brunche | E23: تجمع شارع 90 | F23: Cairo | L23: 4 | M23: =IF(N23>=4,"✔ Completed","✘ Pending") -> ✘ Pending | N23: =(P23="✔")+(AC23="✔")+(AP23="✔")+(BC23="✔")+(BP23="✔")+(CC23="✔")+(CP23="✔")+(DC23="✔")+(DP23="✔")+(EC23="✔")+(EP23="✔")+(FC23="✔") -> 0 | FO23: =IFERROR(R23*1,0)+IFERROR(AE23*1,0)+IFERROR(AR23*1,0)+IFERROR(BE23*1,0)+IFERROR(BR23*1,0)+IFERROR(CE23*1,0)+IFERROR(CR23*1,0)+IFERROR(DE23*1,0)+IFERROR(DR23*1,0)+IFERROR(EE23*1,0)+IFERROR(ER23*1,0)+IFERROR(FE23*1,0) -> 0 | FP23: =IFERROR(S23*1,0)+IFERROR(AF23*1,0)+IFERROR(AS23*1,0)+IFERROR(BF23*1,0)+IFERROR(BS23*1,0)+IFERROR(CF23*1,0)+IFERROR(CS23*1,0)+IFERROR(DF23*1,0)+IFERROR(DS23*1,0)+IFERROR(EF23*1,0)+IFERROR(ES23*1,0)+IFERROR(FF23*1,0) -> 0 | FQ23: =IFERROR(T23*1,0)+IFERROR(AG23*1,0)+IFERROR(AT23*1,0)+IFERROR(BG23*1,0)+IFERROR(BT23*1,0)+IFERROR(CG23*1,0)+IFERROR(CT23*1,0)+IFERROR(DG23*1,0)+IFERROR(DT23*1,0)+IFERROR(EG23*1,0)+IFERROR(ET23*1,0)+IFERROR(FG23*1,0) -> 0 | FR23: =IFERROR(U23*1,0)+IFERROR(AH23*1,0)+IFERROR(AU23*1,0)+IFERROR(BH23*1,0)+IFERROR(BU23*1,0)+IFERROR(CH23*1,0)+IFERROR(CU23*1,0)+IFERROR(DH23*1,0)+IFERROR(DU23*1,0)+IFERROR(EH23*1,0)+IFERROR(EU23*1,0)+IFERROR(FH23*1,0) -> 0 | FS23: =IFERROR(V23*1,0)+IFERROR(AI23*1,0)+IFERROR(AV23*1,0)+IFERROR(BI23*1,0)+IFERROR(BV23*1,0)+IFERROR(CI23*1,0)+IFERROR(CV23*1,0)+IFERROR(DI23*1,0)+IFERROR(DV23*1,0)+IFERROR(EI23*1,0)+IFERROR(EV23*1,0)+IFERROR(FI23*1,0) -> 0 | FT23: =IFERROR(W23*1,0)+IFERROR(AJ23*1,0)+IFERROR(AW23*1,0)+IFERROR(BJ23*1,0)+IFERROR(BW23*1,0)+IFERROR(CJ23*1,0)+IFERROR(CW23*1,0)+IFERROR(DJ23*1,0)+IFERROR(DW23*1,0)+IFERROR(EJ23*1,0)+IFERROR(EW23*1,0)+IFERROR(FJ23*1,0) -> 0 | FU23: =IFERROR(X23*1,0)+IFERROR(AK23*1,0)+IFERROR(AX23*1,0)+IFERROR(BK23*1,0)+IFERROR(BX23*1,0)+IFERROR(CK23*1,0)+IFERROR(CX23*1,0)+IFERROR(DK23*1,0)+IFERROR(DX23*1,0)+IFERROR(EK23*1,0)+IFERROR(EX23*1,0)+IFERROR(FK23*1,0) -> 0 | FV23: =IFERROR(Y23*1,0)+IFERROR(AL23*1,0)+IFERROR(AY23*1,0)+IFERROR(BL23*1,0)+IFERROR(BY23*1,0)+IFERROR(CL23*1,0)+IFERROR(CY23*1,0)+IFERROR(DL23*1,0)+IFERROR(DY23*1,0)+IFERROR(EL23*1,0)+IFERROR(EY23*1,0)+IFERROR(FL23*1,0) -> 0 | FX23: =N23+IFERROR(FW23*1,0) -> 0
A24: =IF(C24<>"","DRG-"&TEXT(21,"000"),"") -> DRG-021 | B24: Exception | C24: Exception | D24: Brunche | E24: رامي هلال | F24: Cairo | L24: 4 | M24: =IF(N24>=4,"✔ Completed","✘ Pending") -> ✘ Pending | N24: =(P24="✔")+(AC24="✔")+(AP24="✔")+(BC24="✔")+(BP24="✔")+(CC24="✔")+(CP24="✔")+(DC24="✔")+(DP24="✔")+(EC24="✔")+(EP24="✔")+(FC24="✔") -> 0 | FO24: =IFERROR(R24*1,0)+IFERROR(AE24*1,0)+IFERROR(AR24*1,0)+IFERROR(BE24*1,0)+IFERROR(BR24*1,0)+IFERROR(CE24*1,0)+IFERROR(CR24*1,0)+IFERROR(DE24*1,0)+IFERROR(DR24*1,0)+IFERROR(EE24*1,0)+IFERROR(ER24*1,0)+IFERROR(FE24*1,0) -> 0 | FP24: =IFERROR(S24*1,0)+IFERROR(AF24*1,0)+IFERROR(AS24*1,0)+IFERROR(BF24*1,0)+IFERROR(BS24*1,0)+IFERROR(CF24*1,0)+IFERROR(CS24*1,0)+IFERROR(DF24*1,0)+IFERROR(DS24*1,0)+IFERROR(EF24*1,0)+IFERROR(ES24*1,0)+IFERROR(FF24*1,0) -> 0 | FQ24: =IFERROR(T24*1,0)+IFERROR(AG24*1,0)+IFERROR(AT24*1,0)+IFERROR(BG24*1,0)+IFERROR(BT24*1,0)+IFERROR(CG24*1,0)+IFERROR(CT24*1,0)+IFERROR(DG24*1,0)+IFERROR(DT24*1,0)+IFERROR(EG24*1,0)+IFERROR(ET24*1,0)+IFERROR(FG24*1,0) -> 0 | FR24: =IFERROR(U24*1,0)+IFERROR(AH24*1,0)+IFERROR(AU24*1,0)+IFERROR(BH24*1,0)+IFERROR(BU24*1,0)+IFERROR(CH24*1,0)+IFERROR(CU24*1,0)+IFERROR(DH24*1,0)+IFERROR(DU24*1,0)+IFERROR(EH24*1,0)+IFERROR(EU24*1,0)+IFERROR(FH24*1,0) -> 0 | FS24: =IFERROR(V24*1,0)+IFERROR(AI24*1,0)+IFERROR(AV24*1,0)+IFERROR(BI24*1,0)+IFERROR(BV24*1,0)+IFERROR(CI24*1,0)+IFERROR(CV24*1,0)+IFERROR(DI24*1,0)+IFERROR(DV24*1,0)+IFERROR(EI24*1,0)+IFERROR(EV24*1,0)+IFERROR(FI24*1,0) -> 0 | FT24: =IFERROR(W24*1,0)+IFERROR(AJ24*1,0)+IFERROR(AW24*1,0)+IFERROR(BJ24*1,0)+IFERROR(BW24*1,0)+IFERROR(CJ24*1,0)+IFERROR(CW24*1,0)+IFERROR(DJ24*1,0)+IFERROR(DW24*1,0)+IFERROR(EJ24*1,0)+IFERROR(EW24*1,0)+IFERROR(FJ24*1,0) -> 0 | FU24: =IFERROR(X24*1,0)+IFERROR(AK24*1,0)+IFERROR(AX24*1,0)+IFERROR(BK24*1,0)+IFERROR(BX24*1,0)+IFERROR(CK24*1,0)+IFERROR(CX24*1,0)+IFERROR(DK24*1,0)+IFERROR(DX24*1,0)+IFERROR(EK24*1,0)+IFERROR(EX24*1,0)+IFERROR(FK24*1,0) -> 0 | FV24: =IFERROR(Y24*1,0)+IFERROR(AL24*1,0)+IFERROR(AY24*1,0)+IFERROR(BL24*1,0)+IFERROR(BY24*1,0)+IFERROR(CL24*1,0)+IFERROR(CY24*1,0)+IFERROR(DL24*1,0)+IFERROR(DY24*1,0)+IFERROR(EL24*1,0)+IFERROR(EY24*1,0)+IFERROR(FL24*1,0) -> 0 | FX24: =N24+IFERROR(FW24*1,0) -> 0
A25: =IF(C25<>"","DRG-"&TEXT(22,"000"),"") -> DRG-022 | B25: Exception | C25: Exception | D25: Brunche | E25: مدينتي | F25: Cairo | L25: 4 | M25: =IF(N25>=4,"✔ Completed","✘ Pending") -> ✘ Pending | N25: =(P25="✔")+(AC25="✔")+(AP25="✔")+(BC25="✔")+(BP25="✔")+(CC25="✔")+(CP25="✔")+(DC25="✔")+(DP25="✔")+(EC25="✔")+(EP25="✔")+(FC25="✔") -> 0 | FO25: =IFERROR(R25*1,0)+IFERROR(AE25*1,0)+IFERROR(AR25*1,0)+IFERROR(BE25*1,0)+IFERROR(BR25*1,0)+IFERROR(CE25*1,0)+IFERROR(CR25*1,0)+IFERROR(DE25*1,0)+IFERROR(DR25*1,0)+IFERROR(EE25*1,0)+IFERROR(ER25*1,0)+IFERROR(FE25*1,0) -> 0 | FP25: =IFERROR(S25*1,0)+IFERROR(AF25*1,0)+IFERROR(AS25*1,0)+IFERROR(BF25*1,0)+IFERROR(BS25*1,0)+IFERROR(CF25*1,0)+IFERROR(CS25*1,0)+IFERROR(DF25*1,0)+IFERROR(DS25*1,0)+IFERROR(EF25*1,0)+IFERROR(ES25*1,0)+IFERROR(FF25*1,0) -> 0 | FQ25: =IFERROR(T25*1,0)+IFERROR(AG25*1,0)+IFERROR(AT25*1,0)+IFERROR(BG25*1,0)+IFERROR(BT25*1,0)+IFERROR(CG25*1,0)+IFERROR(CT25*1,0)+IFERROR(DG25*1,0)+IFERROR(DT25*1,0)+IFERROR(EG25*1,0)+IFERROR(ET25*1,0)+IFERROR(FG25*1,0) -> 0 | FR25: =IFERROR(U25*1,0)+IFERROR(AH25*1,0)+IFERROR(AU25*1,0)+IFERROR(BH25*1,0)+IFERROR(BU25*1,0)+IFERROR(CH25*1,0)+IFERROR(CU25*1,0)+IFERROR(DH25*1,0)+IFERROR(DU25*1,0)+IFERROR(EH25*1,0)+IFERROR(EU25*1,0)+IFERROR(FH25*1,0) -> 0 | FS25: =IFERROR(V25*1,0)+IFERROR(AI25*1,0)+IFERROR(AV25*1,0)+IFERROR(BI25*1,0)+IFERROR(BV25*1,0)+IFERROR(CI25*1,0)+IFERROR(CV25*1,0)+IFERROR(DI25*1,0)+IFERROR(DV25*1,0)+IFERROR(EI25*1,0)+IFERROR(EV25*1,0)+IFERROR(FI25*1,0) -> 0 | FT25: =IFERROR(W25*1,0)+IFERROR(AJ25*1,0)+IFERROR(AW25*1,0)+IFERROR(BJ25*1,0)+IFERROR(BW25*1,0)+IFERROR(CJ25*1,0)+IFERROR(CW25*1,0)+IFERROR(DJ25*1,0)+IFERROR(DW25*1,0)+IFERROR(EJ25*1,0)+IFERROR(EW25*1,0)+IFERROR(FJ25*1,0) -> 0 | FU25: =IFERROR(X25*1,0)+IFERROR(AK25*1,0)+IFERROR(AX25*1,0)+IFERROR(BK25*1,0)+IFERROR(BX25*1,0)+IFERROR(CK25*1,0)+IFERROR(CX25*1,0)+IFERROR(DK25*1,0)+IFERROR(DX25*1,0)+IFERROR(EK25*1,0)+IFERROR(EX25*1,0)+IFERROR(FK25*1,0) -> 0 | FV25: =IFERROR(Y25*1,0)+IFERROR(AL25*1,0)+IFERROR(AY25*1,0)+IFERROR(BL25*1,0)+IFERROR(BY25*1,0)+IFERROR(CL25*1,0)+IFERROR(CY25*1,0)+IFERROR(DL25*1,0)+IFERROR(DY25*1,0)+IFERROR(EL25*1,0)+IFERROR(EY25*1,0)+IFERROR(FL25*1,0) -> 0 | FX25: =N25+IFERROR(FW25*1,0) -> 0
A26: =IF(C26<>"","DRG-"&TEXT(23,"000"),"") -> DRG-023 | B26: Exception | C26: Exception | D26: Brunche | E26: العبور | F26: Qalyubia | L26: 4 | M26: =IF(N26>=4,"✔ Completed","✘ Pending") -> ✘ Pending | N26: =(P26="✔")+(AC26="✔")+(AP26="✔")+(BC26="✔")+(BP26="✔")+(CC26="✔")+(CP26="✔")+(DC26="✔")+(DP26="✔")+(EC26="✔")+(EP26="✔")+(FC26="✔") -> 0 | FO26: =IFERROR(R26*1,0)+IFERROR(AE26*1,0)+IFERROR(AR26*1,0)+IFERROR(BE26*1,0)+IFERROR(BR26*1,0)+IFERROR(CE26*1,0)+IFERROR(CR26*1,0)+IFERROR(DE26*1,0)+IFERROR(DR26*1,0)+IFERROR(EE26*1,0)+IFERROR(ER26*1,0)+IFERROR(FE26*1,0) -> 0 | FP26: =IFERROR(S26*1,0)+IFERROR(AF26*1,0)+IFERROR(AS26*1,0)+IFERROR(BF26*1,0)+IFERROR(BS26*1,0)+IFERROR(CF26*1,0)+IFERROR(CS26*1,0)+IFERROR(DF26*1,0)+IFERROR(DS26*1,0)+IFERROR(EF26*1,0)+IFERROR(ES26*1,0)+IFERROR(FF26*1,0) -> 0 | FQ26: =IFERROR(T26*1,0)+IFERROR(AG26*1,0)+IFERROR(AT26*1,0)+IFERROR(BG26*1,0)+IFERROR(BT26*1,0)+IFERROR(CG26*1,0)+IFERROR(CT26*1,0)+IFERROR(DG26*1,0)+IFERROR(DT26*1,0)+IFERROR(EG26*1,0)+IFERROR(ET26*1,0)+IFERROR(FG26*1,0) -> 0 | FR26: =IFERROR(U26*1,0)+IFERROR(AH26*1,0)+IFERROR(AU26*1,0)+IFERROR(BH26*1,0)+IFERROR(BU26*1,0)+IFERROR(CH26*1,0)+IFERROR(CU26*1,0)+IFERROR(DH26*1,0)+IFERROR(DU26*1,0)+IFERROR(EH26*1,0)+IFERROR(EU26*1,0)+IFERROR(FH26*1,0) -> 0 | FS26: =IFERROR(V26*1,0)+IFERROR(AI26*1,0)+IFERROR(AV26*1,0)+IFERROR(BI26*1,0)+IFERROR(BV26*1,0)+IFERROR(CI26*1,0)+IFERROR(CV26*1,0)+IFERROR(DI26*1,0)+IFERROR(DV26*1,0)+IFERROR(EI26*1,0)+IFERROR(EV26*1,0)+IFERROR(FI26*1,0) -> 0 | FT26: =IFERROR(W26*1,0)+IFERROR(AJ26*1,0)+IFERROR(AW26*1,0)+IFERROR(BJ26*1,0)+IFERROR(BW26*1,0)+IFERROR(CJ26*1,0)+IFERROR(CW26*1,0)+IFERROR(DJ26*1,0)+IFERROR(DW26*1,0)+IFERROR(EJ26*1,0)+IFERROR(EW26*1,0)+IFERROR(FJ26*1,0) -> 0 | FU26: =IFERROR(X26*1,0)+IFERROR(AK26*1,0)+IFERROR(AX26*1,0)+IFERROR(BK26*1,0)+IFERROR(BX26*1,0)+IFERROR(CK26*1,0)+IFERROR(CX26*1,0)+IFERROR(DK26*1,0)+IFERROR(DX26*1,0)+IFERROR(EK26*1,0)+IFERROR(EX26*1,0)+IFERROR(FK26*1,0) -> 0 | FV26: =IFERROR(Y26*1,0)+IFERROR(AL26*1,0)+IFERROR(AY26*1,0)+IFERROR(BL26*1,0)+IFERROR(BY26*1,0)+IFERROR(CL26*1,0)+IFERROR(CY26*1,0)+IFERROR(DL26*1,0)+IFERROR(DY26*1,0)+IFERROR(EL26*1,0)+IFERROR(EY26*1,0)+IFERROR(FL26*1,0) -> 0 | FX26: =N26+IFERROR(FW26*1,0) -> 0
A27: =IF(C27<>"","DRG-"&TEXT(24,"000"),"") -> DRG-024 | B27: Exception | C27: Exception | D27: Brunche | E27: جسر السويس | F27: Cairo | L27: 4 | M27: =IF(N27>=4,"✔ Completed","✘ Pending") -> ✘ Pending | N27: =(P27="✔")+(AC27="✔")+(AP27="✔")+(BC27="✔")+(BP27="✔")+(CC27="✔")+(CP27="✔")+(DC27="✔")+(DP27="✔")+(EC27="✔")+(EP27="✔")+(FC27="✔") -> 0 | FO27: =IFERROR(R27*1,0)+IFERROR(AE27*1,0)+IFERROR(AR27*1,0)+IFERROR(BE27*1,0)+IFERROR(BR27*1,0)+IFERROR(CE27*1,0)+IFERROR(CR27*1,0)+IFERROR(DE27*1,0)+IFERROR(DR27*1,0)+IFERROR(EE27*1,0)+IFERROR(ER27*1,0)+IFERROR(FE27*1,0) -> 0 | FP27: =IFERROR(S27*1,0)+IFERROR(AF27*1,0)+IFERROR(AS27*1,0)+IFERROR(BF27*1,0)+IFERROR(BS27*1,0)+IFERROR(CF27*1,0)+IFERROR(CS27*1,0)+IFERROR(DF27*1,0)+IFERROR(DS27*1,0)+IFERROR(EF27*1,0)+IFERROR(ES27*1,0)+IFERROR(FF27*1,0) -> 0 | FQ27: =IFERROR(T27*1,0)+IFERROR(AG27*1,0)+IFERROR(AT27*1,0)+IFERROR(BG27*1,0)+IFERROR(BT27*1,0)+IFERROR(CG27*1,0)+IFERROR(CT27*1,0)+IFERROR(DG27*1,0)+IFERROR(DT27*1,0)+IFERROR(EG27*1,0)+IFERROR(ET27*1,0)+IFERROR(FG27*1,0) -> 0 | FR27: =IFERROR(U27*1,0)+IFERROR(AH27*1,0)+IFERROR(AU27*1,0)+IFERROR(BH27*1,0)+IFERROR(BU27*1,0)+IFERROR(CH27*1,0)+IFERROR(CU27*1,0)+IFERROR(DH27*1,0)+IFERROR(DU27*1,0)+IFERROR(EH27*1,0)+IFERROR(EU27*1,0)+IFERROR(FH27*1,0) -> 0 | FS27: =IFERROR(V27*1,0)+IFERROR(AI27*1,0)+IFERROR(AV27*1,0)+IFERROR(BI27*1,0)+IFERROR(BV27*1,0)+IFERROR(CI27*1,0)+IFERROR(CV27*1,0)+IFERROR(DI27*1,0)+IFERROR(DV27*1,0)+IFERROR(EI27*1,0)+IFERROR(EV27*1,0)+IFERROR(FI27*1,0) -> 0 | FT27: =IFERROR(W27*1,0)+IFERROR(AJ27*1,0)+IFERROR(AW27*1,0)+IFERROR(BJ27*1,0)+IFERROR(BW27*1,0)+IFERROR(CJ27*1,0)+IFERROR(CW27*1,0)+IFERROR(DJ27*1,0)+IFERROR(DW27*1,0)+IFERROR(EJ27*1,0)+IFERROR(EW27*1,0)+IFERROR(FJ27*1,0) -> 0 | FU27: =IFERROR(X27*1,0)+IFERROR(AK27*1,0)+IFERROR(AX27*1,0)+IFERROR(BK27*1,0)+IFERROR(BX27*1,0)+IFERROR(CK27*1,0)+IFERROR(CX27*1,0)+IFERROR(DK27*1,0)+IFERROR(DX27*1,0)+IFERROR(EK27*1,0)+IFERROR(EX27*1,0)+IFERROR(FK27*1,0) -> 0 | FV27: =IFERROR(Y27*1,0)+IFERROR(AL27*1,0)+IFERROR(AY27*1,0)+IFERROR(BL27*1,0)+IFERROR(BY27*1,0)+IFERROR(CL27*1,0)+IFERROR(CY27*1,0)+IFERROR(DL27*1,0)+IFERROR(DY27*1,0)+IFERROR(EL27*1,0)+IFERROR(EY27*1,0)+IFERROR(FL27*1,0) -> 0 | FX27: =N27+IFERROR(FW27*1,0) -> 0
A28: =IF(C28<>"","DRG-"&TEXT(25,"000"),"") -> DRG-025 | B28: Exception | C28: Exception | D28: Brunche | E28: مدينه نصر | F28: Cairo | L28: 4 | M28: =IF(N28>=4,"✔ Completed","✘ Pending") -> ✘ Pending | N28: =(P28="✔")+(AC28="✔")+(AP28="✔")+(BC28="✔")+(BP28="✔")+(CC28="✔")+(CP28="✔")+(DC28="✔")+(DP28="✔")+(EC28="✔")+(EP28="✔")+(FC28="✔") -> 0 | FO28: =IFERROR(R28*1,0)+IFERROR(AE28*1,0)+IFERROR(AR28*1,0)+IFERROR(BE28*1,0)+IFERROR(BR28*1,0)+IFERROR(CE28*1,0)+IFERROR(CR28*1,0)+IFERROR(DE28*1,0)+IFERROR(DR28*1,0)+IFERROR(EE28*1,0)+IFERROR(ER28*1,0)+IFERROR(FE28*1,0) -> 0 | FP28: =IFERROR(S28*1,0)+IFERROR(AF28*1,0)+IFERROR(AS28*1,0)+IFERROR(BF28*1,0)+IFERROR(BS28*1,0)+IFERROR(CF28*1,0)+IFERROR(CS28*1,0)+IFERROR(DF28*1,0)+IFERROR(DS28*1,0)+IFERROR(EF28*1,0)+IFERROR(ES28*1,0)+IFERROR(FF28*1,0) -> 0 | FQ28: =IFERROR(T28*1,0)+IFERROR(AG28*1,0)+IFERROR(AT28*1,0)+IFERROR(BG28*1,0)+IFERROR(BT28*1,0)+IFERROR(CG28*1,0)+IFERROR(CT28*1,0)+IFERROR(DG28*1,0)+IFERROR(DT28*1,0)+IFERROR(EG28*1,0)+IFERROR(ET28*1,0)+IFERROR(FG28*1,0) -> 0 | FR28: =IFERROR(U28*1,0)+IFERROR(AH28*1,0)+IFERROR(AU28*1,0)+IFERROR(BH28*1,0)+IFERROR(BU28*1,0)+IFERROR(CH28*1,0)+IFERROR(CU28*1,0)+IFERROR(DH28*1,0)+IFERROR(DU28*1,0)+IFERROR(EH28*1,0)+IFERROR(EU28*1,0)+IFERROR(FH28*1,0) -> 0 | FS28: =IFERROR(V28*1,0)+IFERROR(AI28*1,0)+IFERROR(AV28*1,0)+IFERROR(BI28*1,0)+IFERROR(BV28*1,0)+IFERROR(CI28*1,0)+IFERROR(CV28*1,0)+IFERROR(DI28*1,0)+IFERROR(DV28*1,0)+IFERROR(EI28*1,0)+IFERROR(EV28*1,0)+IFERROR(FI28*1,0) -> 0 | FT28: =IFERROR(W28*1,0)+IFERROR(AJ28*1,0)+IFERROR(AW28*1,0)+IFERROR(BJ28*1,0)+IFERROR(BW28*1,0)+IFERROR(CJ28*1,0)+IFERROR(CW28*1,0)+IFERROR(DJ28*1,0)+IFERROR(DW28*1,0)+IFERROR(EJ28*1,0)+IFERROR(EW28*1,0)+IFERROR(FJ28*1,0) -> 0 | FU28: =IFERROR(X28*1,0)+IFERROR(AK28*1,0)+IFERROR(AX28*1,0)+IFERROR(BK28*1,0)+IFERROR(BX28*1,0)+IFERROR(CK28*1,0)+IFERROR(CX28*1,0)+IFERROR(DK28*1,0)+IFERROR(DX28*1,0)+IFERROR(EK28*1,0)+IFERROR(EX28*1,0)+IFERROR(FK28*1,0) -> 0 | FV28: =IFERROR(Y28*1,0)+IFERROR(AL28*1,0)+IFERROR(AY28*1,0)+IFERROR(BL28*1,0)+IFERROR(BY28*1,0)+IFERROR(CL28*1,0)+IFERROR(CY28*1,0)+IFERROR(DL28*1,0)+IFERROR(DY28*1,0)+IFERROR(EL28*1,0)+IFERROR(EY28*1,0)+IFERROR(FL28*1,0) -> 0 | FX28: =N28+IFERROR(FW28*1,0) -> 0
A29: =IF(C29<>"","DRG-"&TEXT(26,"000"),"") -> DRG-026 | B29: Exception | C29: Exception | D29: Brunche | E29: النزهه | F29: Cairo | L29: 4 | M29: =IF(N29>=4,"✔ Completed","✘ Pending") -> ✘ Pending | N29: =(P29="✔")+(AC29="✔")+(AP29="✔")+(BC29="✔")+(BP29="✔")+(CC29="✔")+(CP29="✔")+(DC29="✔")+(DP29="✔")+(EC29="✔")+(EP29="✔")+(FC29="✔") -> 0 | FO29: =IFERROR(R29*1,0)+IFERROR(AE29*1,0)+IFERROR(AR29*1,0)+IFERROR(BE29*1,0)+IFERROR(BR29*1,0)+IFERROR(CE29*1,0)+IFERROR(CR29*1,0)+IFERROR(DE29*1,0)+IFERROR(DR29*1,0)+IFERROR(EE29*1,0)+IFERROR(ER29*1,0)+IFERROR(FE29*1,0) -> 0 | FP29: =IFERROR(S29*1,0)+IFERROR(AF29*1,0)+IFERROR(AS29*1,0)+IFERROR(BF29*1,0)+IFERROR(BS29*1,0)+IFERROR(CF29*1,0)+IFERROR(CS29*1,0)+IFERROR(DF29*1,0)+IFERROR(DS29*1,0)+IFERROR(EF29*1,0)+IFERROR(ES29*1,0)+IFERROR(FF29*1,0) -> 0 | FQ29: =IFERROR(T29*1,0)+IFERROR(AG29*1,0)+IFERROR(AT29*1,0)+IFERROR(BG29*1,0)+IFERROR(BT29*1,0)+IFERROR(CG29*1,0)+IFERROR(CT29*1,0)+IFERROR(DG29*1,0)+IFERROR(DT29*1,0)+IFERROR(EG29*1,0)+IFERROR(ET29*1,0)+IFERROR(FG29*1,0) -> 0 | FR29: =IFERROR(U29*1,0)+IFERROR(AH29*1,0)+IFERROR(AU29*1,0)+IFERROR(BH29*1,0)+IFERROR(BU29*1,0)+IFERROR(CH29*1,0)+IFERROR(CU29*1,0)+IFERROR(DH29*1,0)+IFERROR(DU29*1,0)+IFERROR(EH29*1,0)+IFERROR(EU29*1,0)+IFERROR(FH29*1,0) -> 0 | FS29: =IFERROR(V29*1,0)+IFERROR(AI29*1,0)+IFERROR(AV29*1,0)+IFERROR(BI29*1,0)+IFERROR(BV29*1,0)+IFERROR(CI29*1,0)+IFERROR(CV29*1,0)+IFERROR(DI29*1,0)+IFERROR(DV29*1,0)+IFERROR(EI29*1,0)+IFERROR(EV29*1,0)+IFERROR(FI29*1,0) -> 0 | FT29: =IFERROR(W29*1,0)+IFERROR(AJ29*1,0)+IFERROR(AW29*1,0)+IFERROR(BJ29*1,0)+IFERROR(BW29*1,0)+IFERROR(CJ29*1,0)+IFERROR(CW29*1,0)+IFERROR(DJ29*1,0)+IFERROR(DW29*1,0)+IFERROR(EJ29*1,0)+IFERROR(EW29*1,0)+IFERROR(FJ29*1,0) -> 0 | FU29: =IFERROR(X29*1,0)+IFERROR(AK29*1,0)+IFERROR(AX29*1,0)+IFERROR(BK29*1,0)+IFERROR(BX29*1,0)+IFERROR(CK29*1,0)+IFERROR(CX29*1,0)+IFERROR(DK29*1,0)+IFERROR(DX29*1,0)+IFERROR(EK29*1,0)+IFERROR(EX29*1,0)+IFERROR(FK29*1,0) -> 0 | FV29: =IFERROR(Y29*1,0)+IFERROR(AL29*1,0)+IFERROR(AY29*1,0)+IFERROR(BL29*1,0)+IFERROR(BY29*1,0)+IFERROR(CL29*1,0)+IFERROR(CY29*1,0)+IFERROR(DL29*1,0)+IFERROR(DY29*1,0)+IFERROR(EL29*1,0)+IFERROR(EY29*1,0)+IFERROR(FL29*1,0) -> 0 | FX29: =N29+IFERROR(FW29*1,0) -> 0
A30: =IF(C30<>"","DRG-"&TEXT(27,"000"),"") -> DRG-027 | B30: Exception | C30: Exception | D30: Brunche | E30: القرية الذكية | F30: Giza | L30: 4 | M30: =IF(N30>=4,"✔ Completed","✘ Pending") -> ✘ Pending | N30: =(P30="✔")+(AC30="✔")+(AP30="✔")+(BC30="✔")+(BP30="✔")+(CC30="✔")+(CP30="✔")+(DC30="✔")+(DP30="✔")+(EC30="✔")+(EP30="✔")+(FC30="✔") -> 0 | FO30: =IFERROR(R30*1,0)+IFERROR(AE30*1,0)+IFERROR(AR30*1,0)+IFERROR(BE30*1,0)+IFERROR(BR30*1,0)+IFERROR(CE30*1,0)+IFERROR(CR30*1,0)+IFERROR(DE30*1,0)+IFERROR(DR30*1,0)+IFERROR(EE30*1,0)+IFERROR(ER30*1,0)+IFERROR(FE30*1,0) -> 0 | FP30: =IFERROR(S30*1,0)+IFERROR(AF30*1,0)+IFERROR(AS30*1,0)+IFERROR(BF30*1,0)+IFERROR(BS30*1,0)+IFERROR(CF30*1,0)+IFERROR(CS30*1,0)+IFERROR(DF30*1,0)+IFERROR(DS30*1,0)+IFERROR(EF30*1,0)+IFERROR(ES30*1,0)+IFERROR(FF30*1,0) -> 0 | FQ30: =IFERROR(T30*1,0)+IFERROR(AG30*1,0)+IFERROR(AT30*1,0)+IFERROR(BG30*1,0)+IFERROR(BT30*1,0)+IFERROR(CG30*1,0)+IFERROR(CT30*1,0)+IFERROR(DG30*1,0)+IFERROR(DT30*1,0)+IFERROR(EG30*1,0)+IFERROR(ET30*1,0)+IFERROR(FG30*1,0) -> 0 | FR30: =IFERROR(U30*1,0)+IFERROR(AH30*1,0)+IFERROR(AU30*1,0)+IFERROR(BH30*1,0)+IFERROR(BU30*1,0)+IFERROR(CH30*1,0)+IFERROR(CU30*1,0)+IFERROR(DH30*1,0)+IFERROR(DU30*1,0)+IFERROR(EH30*1,0)+IFERROR(EU30*1,0)+IFERROR(FH30*1,0) -> 0 | FS30: =IFERROR(V30*1,0)+IFERROR(AI30*1,0)+IFERROR(AV30*1,0)+IFERROR(BI30*1,0)+IFERROR(BV30*1,0)+IFERROR(CI30*1,0)+IFERROR(CV30*1,0)+IFERROR(DI30*1,0)+IFERROR(DV30*1,0)+IFERROR(EI30*1,0)+IFERROR(EV30*1,0)+IFERROR(FI30*1,0) -> 0 | FT30: =IFERROR(W30*1,0)+IFERROR(AJ30*1,0)+IFERROR(AW30*1,0)+IFERROR(BJ30*1,0)+IFERROR(BW30*1,0)+IFERROR(CJ30*1,0)+IFERROR(CW30*1,0)+IFERROR(DJ30*1,0)+IFERROR(DW30*1,0)+IFERROR(EJ30*1,0)+IFERROR(EW30*1,0)+IFERROR(FJ30*1,0) -> 0 | FU30: =IFERROR(X30*1,0)+IFERROR(AK30*1,0)+IFERROR(AX30*1,0)+IFERROR(BK30*1,0)+IFERROR(BX30*1,0)+IFERROR(CK30*1,0)+IFERROR(CX30*1,0)+IFERROR(DK30*1,0)+IFERROR(DX30*1,0)+IFERROR(EK30*1,0)+IFERROR(EX30*1,0)+IFERROR(FK30*1,0) -> 0 | FV30: =IFERROR(Y30*1,0)+IFERROR(AL30*1,0)+IFERROR(AY30*1,0)+IFERROR(BL30*1,0)+IFERROR(BY30*1,0)+IFERROR(CL30*1,0)+IFERROR(CY30*1,0)+IFERROR(DL30*1,0)+IFERROR(DY30*1,0)+IFERROR(EL30*1,0)+IFERROR(EY30*1,0)+IFERROR(FL30*1,0) -> 0 | FX30: =N30+IFERROR(FW30*1,0) -> 0
C31: Exception | D31: Brunche | E31: محمد نجيب | F31: Cairo
A32: =IF(C32<>"","DRG-"&TEXT(28,"000"),"") -> DRG-028 | B32: Exception | C32: Exception | D32: Brunche | E32: الحجاز | F32: Cairo | L32: 4 | M32: =IF(N32>=4,"✔ Completed","✘ Pending") -> ✘ Pending | N32: =(P32="✔")+(AC32="✔")+(AP32="✔")+(BC32="✔")+(BP32="✔")+(CC32="✔")+(CP32="✔")+(DC32="✔")+(DP32="✔")+(EC32="✔")+(EP32="✔")+(FC32="✔") -> 0 | FO32: =IFERROR(R32*1,0)+IFERROR(AE32*1,0)+IFERROR(AR32*1,0)+IFERROR(BE32*1,0)+IFERROR(BR32*1,0)+IFERROR(CE32*1,0)+IFERROR(CR32*1,0)+IFERROR(DE32*1,0)+IFERROR(DR32*1,0)+IFERROR(EE32*1,0)+IFERROR(ER32*1,0)+IFERROR(FE32*1,0) -> 0 | FP32: =IFERROR(S32*1,0)+IFERROR(AF32*1,0)+IFERROR(AS32*1,0)+IFERROR(BF32*1,0)+IFERROR(BS32*1,0)+IFERROR(CF32*1,0)+IFERROR(CS32*1,0)+IFERROR(DF32*1,0)+IFERROR(DS32*1,0)+IFERROR(EF32*1,0)+IFERROR(ES32*1,0)+IFERROR(FF32*1,0) -> 0 | FQ32: =IFERROR(T32*1,0)+IFERROR(AG32*1,0)+IFERROR(AT32*1,0)+IFERROR(BG32*1,0)+IFERROR(BT32*1,0)+IFERROR(CG32*1,0)+IFERROR(CT32*1,0)+IFERROR(DG32*1,0)+IFERROR(DT32*1,0)+IFERROR(EG32*1,0)+IFERROR(ET32*1,0)+IFERROR(FG32*1,0) -> 0 | FR32: =IFERROR(U32*1,0)+IFERROR(AH32*1,0)+IFERROR(AU32*1,0)+IFERROR(BH32*1,0)+IFERROR(BU32*1,0)+IFERROR(CH32*1,0)+IFERROR(CU32*1,0)+IFERROR(DH32*1,0)+IFERROR(DU32*1,0)+IFERROR(EH32*1,0)+IFERROR(EU32*1,0)+IFERROR(FH32*1,0) -> 0 | FS32: =IFERROR(V32*1,0)+IFERROR(AI32*1,0)+IFERROR(AV32*1,0)+IFERROR(BI32*1,0)+IFERROR(BV32*1,0)+IFERROR(CI32*1,0)+IFERROR(CV32*1,0)+IFERROR(DI32*1,0)+IFERROR(DV32*1,0)+IFERROR(EI32*1,0)+IFERROR(EV32*1,0)+IFERROR(FI32*1,0) -> 0 | FT32: =IFERROR(W32*1,0)+IFERROR(AJ32*1,0)+IFERROR(AW32*1,0)+IFERROR(BJ32*1,0)+IFERROR(BW32*1,0)+IFERROR(CJ32*1,0)+IFERROR(CW32*1,0)+IFERROR(DJ32*1,0)+IFERROR(DW32*1,0)+IFERROR(EJ32*1,0)+IFERROR(EW32*1,0)+IFERROR(FJ32*1,0) -> 0 | FU32: =IFERROR(X32*1,0)+IFERROR(AK32*1,0)+IFERROR(AX32*1,0)+IFERROR(BK32*1,0)+IFERROR(BX32*1,0)+IFERROR(CK32*1,0)+IFERROR(CX32*1,0)+IFERROR(DK32*1,0)+IFERROR(DX32*1,0)+IFERROR(EK32*1,0)+IFERROR(EX32*1,0)+IFERROR(FK32*1,0) -> 0 | FV32: =IFERROR(Y32*1,0)+IFERROR(AL32*1,0)+IFERROR(AY32*1,0)+IFERROR(BL32*1,0)+IFERROR(BY32*1,0)+IFERROR(CL32*1,0)+IFERROR(CY32*1,0)+IFERROR(DL32*1,0)+IFERROR(DY32*1,0)+IFERROR(EL32*1,0)+IFERROR(EY32*1,0)+IFERROR(FL32*1,0) -> 0 | FX32: =N32+IFERROR(FW32*1,0) -> 0
A33: =IF(C33<>"","DRG-"&TEXT(29,"000"),"") -> DRG-029 | B33: Mehrajaa | C33: Mehrajaa | D33: Brunche | E33: مدينتي | F33: Cairo | L33: 4 | M33: =IF(N33>=4,"✔ Completed","✘ Pending") -> ✘ Pending | N33: =(P33="✔")+(AC33="✔")+(AP33="✔")+(BC33="✔")+(BP33="✔")+(CC33="✔")+(CP33="✔")+(DC33="✔")+(DP33="✔")+(EC33="✔")+(EP33="✔")+(FC33="✔") -> 0 | FO33: =IFERROR(R33*1,0)+IFERROR(AE33*1,0)+IFERROR(AR33*1,0)+IFERROR(BE33*1,0)+IFERROR(BR33*1,0)+IFERROR(CE33*1,0)+IFERROR(CR33*1,0)+IFERROR(DE33*1,0)+IFERROR(DR33*1,0)+IFERROR(EE33*1,0)+IFERROR(ER33*1,0)+IFERROR(FE33*1,0) -> 0 | FP33: =IFERROR(S33*1,0)+IFERROR(AF33*1,0)+IFERROR(AS33*1,0)+IFERROR(BF33*1,0)+IFERROR(BS33*1,0)+IFERROR(CF33*1,0)+IFERROR(CS33*1,0)+IFERROR(DF33*1,0)+IFERROR(DS33*1,0)+IFERROR(EF33*1,0)+IFERROR(ES33*1,0)+IFERROR(FF33*1,0) -> 0 | FQ33: =IFERROR(T33*1,0)+IFERROR(AG33*1,0)+IFERROR(AT33*1,0)+IFERROR(BG33*1,0)+IFERROR(BT33*1,0)+IFERROR(CG33*1,0)+IFERROR(CT33*1,0)+IFERROR(DG33*1,0)+IFERROR(DT33*1,0)+IFERROR(EG33*1,0)+IFERROR(ET33*1,0)+IFERROR(FG33*1,0) -> 0 | FR33: =IFERROR(U33*1,0)+IFERROR(AH33*1,0)+IFERROR(AU33*1,0)+IFERROR(BH33*1,0)+IFERROR(BU33*1,0)+IFERROR(CH33*1,0)+IFERROR(CU33*1,0)+IFERROR(DH33*1,0)+IFERROR(DU33*1,0)+IFERROR(EH33*1,0)+IFERROR(EU33*1,0)+IFERROR(FH33*1,0) -> 0 | FS33: =IFERROR(V33*1,0)+IFERROR(AI33*1,0)+IFERROR(AV33*1,0)+IFERROR(BI33*1,0)+IFERROR(BV33*1,0)+IFERROR(CI33*1,0)+IFERROR(CV33*1,0)+IFERROR(DI33*1,0)+IFERROR(DV33*1,0)+IFERROR(EI33*1,0)+IFERROR(EV33*1,0)+IFERROR(FI33*1,0) -> 0 | FT33: =IFERROR(W33*1,0)+IFERROR(AJ33*1,0)+IFERROR(AW33*1,0)+IFERROR(BJ33*1,0)+IFERROR(BW33*1,0)+IFERROR(CJ33*1,0)+IFERROR(CW33*1,0)+IFERROR(DJ33*1,0)+IFERROR(DW33*1,0)+IFERROR(EJ33*1,0)+IFERROR(EW33*1,0)+IFERROR(FJ33*1,0) -> 0 | FU33: =IFERROR(X33*1,0)+IFERROR(AK33*1,0)+IFERROR(AX33*1,0)+IFERROR(BK33*1,0)+IFERROR(BX33*1,0)+IFERROR(CK33*1,0)+IFERROR(CX33*1,0)+IFERROR(DK33*1,0)+IFERROR(DX33*1,0)+IFERROR(EK33*1,0)+IFERROR(EX33*1,0)+IFERROR(FK33*1,0) -> 0 | FV33: =IFERROR(Y33*1,0)+IFERROR(AL33*1,0)+IFERROR(AY33*1,0)+IFERROR(BL33*1,0)+IFERROR(BY33*1,0)+IFERROR(CL33*1,0)+IFERROR(CY33*1,0)+IFERROR(DL33*1,0)+IFERROR(DY33*1,0)+IFERROR(EL33*1,0)+IFERROR(EY33*1,0)+IFERROR(FL33*1,0) -> 0 | FX33: =N33+IFERROR(FW33*1,0) -> 0
A34: =IF(C34<>"","DRG-"&TEXT(30,"000"),"") -> DRG-030 | B34: Mehrajaa | C34: Mehrajaa | D34: Brunche | E34: أرابيلا | F34: Cairo | L34: 4 | M34: =IF(N34>=4,"✔ Completed","✘ Pending") -> ✘ Pending | N34: =(P34="✔")+(AC34="✔")+(AP34="✔")+(BC34="✔")+(BP34="✔")+(CC34="✔")+(CP34="✔")+(DC34="✔")+(DP34="✔")+(EC34="✔")+(EP34="✔")+(FC34="✔") -> 0 | FO34: =IFERROR(R34*1,0)+IFERROR(AE34*1,0)+IFERROR(AR34*1,0)+IFERROR(BE34*1,0)+IFERROR(BR34*1,0)+IFERROR(CE34*1,0)+IFERROR(CR34*1,0)+IFERROR(DE34*1,0)+IFERROR(DR34*1,0)+IFERROR(EE34*1,0)+IFERROR(ER34*1,0)+IFERROR(FE34*1,0) -> 0 | FP34: =IFERROR(S34*1,0)+IFERROR(AF34*1,0)+IFERROR(AS34*1,0)+IFERROR(BF34*1,0)+IFERROR(BS34*1,0)+IFERROR(CF34*1,0)+IFERROR(CS34*1,0)+IFERROR(DF34*1,0)+IFERROR(DS34*1,0)+IFERROR(EF34*1,0)+IFERROR(ES34*1,0)+IFERROR(FF34*1,0) -> 0 | FQ34: =IFERROR(T34*1,0)+IFERROR(AG34*1,0)+IFERROR(AT34*1,0)+IFERROR(BG34*1,0)+IFERROR(BT34*1,0)+IFERROR(CG34*1,0)+IFERROR(CT34*1,0)+IFERROR(DG34*1,0)+IFERROR(DT34*1,0)+IFERROR(EG34*1,0)+IFERROR(ET34*1,0)+IFERROR(FG34*1,0) -> 0 | FR34: =IFERROR(U34*1,0)+IFERROR(AH34*1,0)+IFERROR(AU34*1,0)+IFERROR(BH34*1,0)+IFERROR(BU34*1,0)+IFERROR(CH34*1,0)+IFERROR(CU34*1,0)+IFERROR(DH34*1,0)+IFERROR(DU34*1,0)+IFERROR(EH34*1,0)+IFERROR(EU34*1,0)+IFERROR(FH34*1,0) -> 0 | FS34: =IFERROR(V34*1,0)+IFERROR(AI34*1,0)+IFERROR(AV34*1,0)+IFERROR(BI34*1,0)+IFERROR(BV34*1,0)+IFERROR(CI34*1,0)+IFERROR(CV34*1,0)+IFERROR(DI34*1,0)+IFERROR(DV34*1,0)+IFERROR(EI34*1,0)+IFERROR(EV34*1,0)+IFERROR(FI34*1,0) -> 0 | FT34: =IFERROR(W34*1,0)+IFERROR(AJ34*1,0)+IFERROR(AW34*1,0)+IFERROR(BJ34*1,0)+IFERROR(BW34*1,0)+IFERROR(CJ34*1,0)+IFERROR(CW34*1,0)+IFERROR(DJ34*1,0)+IFERROR(DW34*1,0)+IFERROR(EJ34*1,0)+IFERROR(EW34*1,0)+IFERROR(FJ34*1,0) -> 0 | FU34: =IFERROR(X34*1,0)+IFERROR(AK34*1,0)+IFERROR(AX34*1,0)+IFERROR(BK34*1,0)+IFERROR(BX34*1,0)+IFERROR(CK34*1,0)+IFERROR(CX34*1,0)+IFERROR(DK34*1,0)+IFERROR(DX34*1,0)+IFERROR(EK34*1,0)+IFERROR(EX34*1,0)+IFERROR(FK34*1,0) -> 0 | FV34: =IFERROR(Y34*1,0)+IFERROR(AL34*1,0)+IFERROR(AY34*1,0)+IFERROR(BL34*1,0)+IFERROR(BY34*1,0)+IFERROR(CL34*1,0)+IFERROR(CY34*1,0)+IFERROR(DL34*1,0)+IFERROR(DY34*1,0)+IFERROR(EL34*1,0)+IFERROR(EY34*1,0)+IFERROR(FL34*1,0) -> 0 | FX34: =N34+IFERROR(FW34*1,0) -> 0
A35: =IF(C35<>"","DRG-"&TEXT(31,"000"),"") -> DRG-031 | B35: Mehrajaa | C35: Mehrajaa | D35: Brunche | E35: بنوك | F35: Cairo | L35: 4 | M35: =IF(N35>=4,"✔ Completed","✘ Pending") -> ✘ Pending | N35: =(P35="✔")+(AC35="✔")+(AP35="✔")+(BC35="✔")+(BP35="✔")+(CC35="✔")+(CP35="✔")+(DC35="✔")+(DP35="✔")+(EC35="✔")+(EP35="✔")+(FC35="✔") -> 0 | FO35: =IFERROR(R35*1,0)+IFERROR(AE35*1,0)+IFERROR(AR35*1,0)+IFERROR(BE35*1,0)+IFERROR(BR35*1,0)+IFERROR(CE35*1,0)+IFERROR(CR35*1,0)+IFERROR(DE35*1,0)+IFERROR(DR35*1,0)+IFERROR(EE35*1,0)+IFERROR(ER35*1,0)+IFERROR(FE35*1,0) -> 0 | FP35: =IFERROR(S35*1,0)+IFERROR(AF35*1,0)+IFERROR(AS35*1,0)+IFERROR(BF35*1,0)+IFERROR(BS35*1,0)+IFERROR(CF35*1,0)+IFERROR(CS35*1,0)+IFERROR(DF35*1,0)+IFERROR(DS35*1,0)+IFERROR(EF35*1,0)+IFERROR(ES35*1,0)+IFERROR(FF35*1,0) -> 0 | FQ35: =IFERROR(T35*1,0)+IFERROR(AG35*1,0)+IFERROR(AT35*1,0)+IFERROR(BG35*1,0)+IFERROR(BT35*1,0)+IFERROR(CG35*1,0)+IFERROR(CT35*1,0)+IFERROR(DG35*1,0)+IFERROR(DT35*1,0)+IFERROR(EG35*1,0)+IFERROR(ET35*1,0)+IFERROR(FG35*1,0) -> 0 | FR35: =IFERROR(U35*1,0)+IFERROR(AH35*1,0)+IFERROR(AU35*1,0)+IFERROR(BH35*1,0)+IFERROR(BU35*1,0)+IFERROR(CH35*1,0)+IFERROR(CU35*1,0)+IFERROR(DH35*1,0)+IFERROR(DU35*1,0)+IFERROR(EH35*1,0)+IFERROR(EU35*1,0)+IFERROR(FH35*1,0) -> 0 | FS35: =IFERROR(V35*1,0)+IFERROR(AI35*1,0)+IFERROR(AV35*1,0)+IFERROR(BI35*1,0)+IFERROR(BV35*1,0)+IFERROR(CI35*1,0)+IFERROR(CV35*1,0)+IFERROR(DI35*1,0)+IFERROR(DV35*1,0)+IFERROR(EI35*1,0)+IFERROR(EV35*1,0)+IFERROR(FI35*1,0) -> 0 | FT35: =IFERROR(W35*1,0)+IFERROR(AJ35*1,0)+IFERROR(AW35*1,0)+IFERROR(BJ35*1,0)+IFERROR(BW35*1,0)+IFERROR(CJ35*1,0)+IFERROR(CW35*1,0)+IFERROR(DJ35*1,0)+IFERROR(DW35*1,0)+IFERROR(EJ35*1,0)+IFERROR(EW35*1,0)+IFERROR(FJ35*1,0) -> 0 | FU35: =IFERROR(X35*1,0)+IFERROR(AK35*1,0)+IFERROR(AX35*1,0)+IFERROR(BK35*1,0)+IFERROR(BX35*1,0)+IFERROR(CK35*1,0)+IFERROR(CX35*1,0)+IFERROR(DK35*1,0)+IFERROR(DX35*1,0)+IFERROR(EK35*1,0)+IFERROR(EX35*1,0)+IFERROR(FK35*1,0) -> 0 | FV35: =IFERROR(Y35*1,0)+IFERROR(AL35*1,0)+IFERROR(AY35*1,0)+IFERROR(BL35*1,0)+IFERROR(BY35*1,0)+IFERROR(CL35*1,0)+IFERROR(CY35*1,0)+IFERROR(DL35*1,0)+IFERROR(DY35*1,0)+IFERROR(EL35*1,0)+IFERROR(EY35*1,0)+IFERROR(FL35*1,0) -> 0 | FX35: =N35+IFERROR(FW35*1,0) -> 0
A36: =IF(C36<>"","DRG-"&TEXT(32,"000"),"") -> DRG-032 | B36: Mehrajaa | C36: Mehrajaa | D36: Brunche | E36: الرحاب | F36: Cairo | L36: 4 | M36: =IF(N36>=4,"✔ Completed","✘ Pending") -> ✘ Pending | N36: =(P36="✔")+(AC36="✔")+(AP36="✔")+(BC36="✔")+(BP36="✔")+(CC36="✔")+(CP36="✔")+(DC36="✔")+(DP36="✔")+(EC36="✔")+(EP36="✔")+(FC36="✔") -> 0 | FO36: =IFERROR(R36*1,0)+IFERROR(AE36*1,0)+IFERROR(AR36*1,0)+IFERROR(BE36*1,0)+IFERROR(BR36*1,0)+IFERROR(CE36*1,0)+IFERROR(CR36*1,0)+IFERROR(DE36*1,0)+IFERROR(DR36*1,0)+IFERROR(EE36*1,0)+IFERROR(ER36*1,0)+IFERROR(FE36*1,0) -> 0 | FP36: =IFERROR(S36*1,0)+IFERROR(AF36*1,0)+IFERROR(AS36*1,0)+IFERROR(BF36*1,0)+IFERROR(BS36*1,0)+IFERROR(CF36*1,0)+IFERROR(CS36*1,0)+IFERROR(DF36*1,0)+IFERROR(DS36*1,0)+IFERROR(EF36*1,0)+IFERROR(ES36*1,0)+IFERROR(FF36*1,0) -> 0 | FQ36: =IFERROR(T36*1,0)+IFERROR(AG36*1,0)+IFERROR(AT36*1,0)+IFERROR(BG36*1,0)+IFERROR(BT36*1,0)+IFERROR(CG36*1,0)+IFERROR(CT36*1,0)+IFERROR(DG36*1,0)+IFERROR(DT36*1,0)+IFERROR(EG36*1,0)+IFERROR(ET36*1,0)+IFERROR(FG36*1,0) -> 0 | FR36: =IFERROR(U36*1,0)+IFERROR(AH36*1,0)+IFERROR(AU36*1,0)+IFERROR(BH36*1,0)+IFERROR(BU36*1,0)+IFERROR(CH36*1,0)+IFERROR(CU36*1,0)+IFERROR(DH36*1,0)+IFERROR(DU36*1,0)+IFERROR(EH36*1,0)+IFERROR(EU36*1,0)+IFERROR(FH36*1,0) -> 0 | FS36: =IFERROR(V36*1,0)+IFERROR(AI36*1,0)+IFERROR(AV36*1,0)+IFERROR(BI36*1,0)+IFERROR(BV36*1,0)+IFERROR(CI36*1,0)+IFERROR(CV36*1,0)+IFERROR(DI36*1,0)+IFERROR(DV36*1,0)+IFERROR(EI36*1,0)+IFERROR(EV36*1,0)+IFERROR(FI36*1,0) -> 0 | FT36: =IFERROR(W36*1,0)+IFERROR(AJ36*1,0)+IFERROR(AW36*1,0)+IFERROR(BJ36*1,0)+IFERROR(BW36*1,0)+IFERROR(CJ36*1,0)+IFERROR(CW36*1,0)+IFERROR(DJ36*1,0)+IFERROR(DW36*1,0)+IFERROR(EJ36*1,0)+IFERROR(EW36*1,0)+IFERROR(FJ36*1,0) -> 0 | FU36: =IFERROR(X36*1,0)+IFERROR(AK36*1,0)+IFERROR(AX36*1,0)+IFERROR(BK36*1,0)+IFERROR(BX36*1,0)+IFERROR(CK36*1,0)+IFERROR(CX36*1,0)+IFERROR(DK36*1,0)+IFERROR(DX36*1,0)+IFERROR(EK36*1,0)+IFERROR(EX36*1,0)+IFERROR(FK36*1,0) -> 0 | FV36: =IFERROR(Y36*1,0)+IFERROR(AL36*1,0)+IFERROR(AY36*1,0)+IFERROR(BL36*1,0)+IFERROR(BY36*1,0)+IFERROR(CL36*1,0)+IFERROR(CY36*1,0)+IFERROR(DL36*1,0)+IFERROR(DY36*1,0)+IFERROR(EL36*1,0)+IFERROR(EY36*1,0)+IFERROR(FL36*1,0) -> 0 | FX36: =N36+IFERROR(FW36*1,0) -> 0
A37: =IF(C37<>"","DRG-"&TEXT(33,"000"),"") -> DRG-033 | B37: Mehrajaa | C37: Mehrajaa | D37: Brunche | E37: كايرو | F37: Cairo | L37: 4 | M37: =IF(N37>=4,"✔ Completed","✘ Pending") -> ✘ Pending | N37: =(P37="✔")+(AC37="✔")+(AP37="✔")+(BC37="✔")+(BP37="✔")+(CC37="✔")+(CP37="✔")+(DC37="✔")+(DP37="✔")+(EC37="✔")+(EP37="✔")+(FC37="✔") -> 0 | FO37: =IFERROR(R37*1,0)+IFERROR(AE37*1,0)+IFERROR(AR37*1,0)+IFERROR(BE37*1,0)+IFERROR(BR37*1,0)+IFERROR(CE37*1,0)+IFERROR(CR37*1,0)+IFERROR(DE37*1,0)+IFERROR(DR37*1,0)+IFERROR(EE37*1,0)+IFERROR(ER37*1,0)+IFERROR(FE37*1,0) -> 0 | FP37: =IFERROR(S37*1,0)+IFERROR(AF37*1,0)+IFERROR(AS37*1,0)+IFERROR(BF37*1,0)+IFERROR(BS37*1,0)+IFERROR(CF37*1,0)+IFERROR(CS37*1,0)+IFERROR(DF37*1,0)+IFERROR(DS37*1,0)+IFERROR(EF37*1,0)+IFERROR(ES37*1,0)+IFERROR(FF37*1,0) -> 0 | FQ37: =IFERROR(T37*1,0)+IFERROR(AG37*1,0)+IFERROR(AT37*1,0)+IFERROR(BG37*1,0)+IFERROR(BT37*1,0)+IFERROR(CG37*1,0)+IFERROR(CT37*1,0)+IFERROR(DG37*1,0)+IFERROR(DT37*1,0)+IFERROR(EG37*1,0)+IFERROR(ET37*1,0)+IFERROR(FG37*1,0) -> 0 | FR37: =IFERROR(U37*1,0)+IFERROR(AH37*1,0)+IFERROR(AU37*1,0)+IFERROR(BH37*1,0)+IFERROR(BU37*1,0)+IFERROR(CH37*1,0)+IFERROR(CU37*1,0)+IFERROR(DH37*1,0)+IFERROR(DU37*1,0)+IFERROR(EH37*1,0)+IFERROR(EU37*1,0)+IFERROR(FH37*1,0) -> 0 | FS37: =IFERROR(V37*1,0)+IFERROR(AI37*1,0)+IFERROR(AV37*1,0)+IFERROR(BI37*1,0)+IFERROR(BV37*1,0)+IFERROR(CI37*1,0)+IFERROR(CV37*1,0)+IFERROR(DI37*1,0)+IFERROR(DV37*1,0)+IFERROR(EI37*1,0)+IFERROR(EV37*1,0)+IFERROR(FI37*1,0) -> 0 | FT37: =IFERROR(W37*1,0)+IFERROR(AJ37*1,0)+IFERROR(AW37*1,0)+IFERROR(BJ37*1,0)+IFERROR(BW37*1,0)+IFERROR(CJ37*1,0)+IFERROR(CW37*1,0)+IFERROR(DJ37*1,0)+IFERROR(DW37*1,0)+IFERROR(EJ37*1,0)+IFERROR(EW37*1,0)+IFERROR(FJ37*1,0) -> 0 | FU37: =IFERROR(X37*1,0)+IFERROR(AK37*1,0)+IFERROR(AX37*1,0)+IFERROR(BK37*1,0)+IFERROR(BX37*1,0)+IFERROR(CK37*1,0)+IFERROR(CX37*1,0)+IFERROR(DK37*1,0)+IFERROR(DX37*1,0)+IFERROR(EK37*1,0)+IFERROR(EX37*1,0)+IFERROR(FK37*1,0) -> 0 | FV37: =IFERROR(Y37*1,0)+IFERROR(AL37*1,0)+IFERROR(AY37*1,0)+IFERROR(BL37*1,0)+IFERROR(BY37*1,0)+IFERROR(CL37*1,0)+IFERROR(CY37*1,0)+IFERROR(DL37*1,0)+IFERROR(DY37*1,0)+IFERROR(EL37*1,0)+IFERROR(EY37*1,0)+IFERROR(FL37*1,0) -> 0 | FX37: =N37+IFERROR(FW37*1,0) -> 0
A38: =IF(C38<>"","DRG-"&TEXT(34,"000"),"") -> DRG-034 | B38: Mehrajaa | C38: Mehrajaa | D38: Brunche | E38: النحاس | F38: Cairo | L38: 4 | M38: =IF(N38>=4,"✔ Completed","✘ Pending") -> ✘ Pending | N38: =(P38="✔")+(AC38="✔")+(AP38="✔")+(BC38="✔")+(BP38="✔")+(CC38="✔")+(CP38="✔")+(DC38="✔")+(DP38="✔")+(EC38="✔")+(EP38="✔")+(FC38="✔") -> 0 | FO38: =IFERROR(R38*1,0)+IFERROR(AE38*1,0)+IFERROR(AR38*1,0)+IFERROR(BE38*1,0)+IFERROR(BR38*1,0)+IFERROR(CE38*1,0)+IFERROR(CR38*1,0)+IFERROR(DE38*1,0)+IFERROR(DR38*1,0)+IFERROR(EE38*1,0)+IFERROR(ER38*1,0)+IFERROR(FE38*1,0) -> 0 | FP38: =IFERROR(S38*1,0)+IFERROR(AF38*1,0)+IFERROR(AS38*1,0)+IFERROR(BF38*1,0)+IFERROR(BS38*1,0)+IFERROR(CF38*1,0)+IFERROR(CS38*1,0)+IFERROR(DF38*1,0)+IFERROR(DS38*1,0)+IFERROR(EF38*1,0)+IFERROR(ES38*1,0)+IFERROR(FF38*1,0) -> 0 | FQ38: =IFERROR(T38*1,0)+IFERROR(AG38*1,0)+IFERROR(AT38*1,0)+IFERROR(BG38*1,0)+IFERROR(BT38*1,0)+IFERROR(CG38*1,0)+IFERROR(CT38*1,0)+IFERROR(DG38*1,0)+IFERROR(DT38*1,0)+IFERROR(EG38*1,0)+IFERROR(ET38*1,0)+IFERROR(FG38*1,0) -> 0 | FR38: =IFERROR(U38*1,0)+IFERROR(AH38*1,0)+IFERROR(AU38*1,0)+IFERROR(BH38*1,0)+IFERROR(BU38*1,0)+IFERROR(CH38*1,0)+IFERROR(CU38*1,0)+IFERROR(DH38*1,0)+IFERROR(DU38*1,0)+IFERROR(EH38*1,0)+IFERROR(EU38*1,0)+IFERROR(FH38*1,0) -> 0 | FS38: =IFERROR(V38*1,0)+IFERROR(AI38*1,0)+IFERROR(AV38*1,0)+IFERROR(BI38*1,0)+IFERROR(BV38*1,0)+IFERROR(CI38*1,0)+IFERROR(CV38*1,0)+IFERROR(DI38*1,0)+IFERROR(DV38*1,0)+IFERROR(EI38*1,0)+IFERROR(EV38*1,0)+IFERROR(FI38*1,0) -> 0 | FT38: =IFERROR(W38*1,0)+IFERROR(AJ38*1,0)+IFERROR(AW38*1,0)+IFERROR(BJ38*1,0)+IFERROR(BW38*1,0)+IFERROR(CJ38*1,0)+IFERROR(CW38*1,0)+IFERROR(DJ38*1,0)+IFERROR(DW38*1,0)+IFERROR(EJ38*1,0)+IFERROR(EW38*1,0)+IFERROR(FJ38*1,0) -> 0 | FU38: =IFERROR(X38*1,0)+IFERROR(AK38*1,0)+IFERROR(AX38*1,0)+IFERROR(BK38*1,0)+IFERROR(BX38*1,0)+IFERROR(CK38*1,0)+IFERROR(CX38*1,0)+IFERROR(DK38*1,0)+IFERROR(DX38*1,0)+IFERROR(EK38*1,0)+IFERROR(EX38*1,0)+IFERROR(FK38*1,0) -> 0 | FV38: =IFERROR(Y38*1,0)+IFERROR(AL38*1,0)+IFERROR(AY38*1,0)+IFERROR(BL38*1,0)+IFERROR(BY38*1,0)+IFERROR(CL38*1,0)+IFERROR(CY38*1,0)+IFERROR(DL38*1,0)+IFERROR(DY38*1,0)+IFERROR(EL38*1,0)+IFERROR(EY38*1,0)+IFERROR(FL38*1,0) -> 0 | FX38: =N38+IFERROR(FW38*1,0) -> 0
A39: =IF(C39<>"","DRG-"&TEXT(35,"000"),"") -> DRG-035 | B39: Mehrajaa | C39: Mehrajaa | D39: Brunche | E39: النزهه | F39: Cairo | L39: 4 | M39: =IF(N39>=4,"✔ Completed","✘ Pending") -> ✘ Pending | N39: =(P39="✔")+(AC39="✔")+(AP39="✔")+(BC39="✔")+(BP39="✔")+(CC39="✔")+(CP39="✔")+(DC39="✔")+(DP39="✔")+(EC39="✔")+(EP39="✔")+(FC39="✔") -> 0 | FO39: =IFERROR(R39*1,0)+IFERROR(AE39*1,0)+IFERROR(AR39*1,0)+IFERROR(BE39*1,0)+IFERROR(BR39*1,0)+IFERROR(CE39*1,0)+IFERROR(CR39*1,0)+IFERROR(DE39*1,0)+IFERROR(DR39*1,0)+IFERROR(EE39*1,0)+IFERROR(ER39*1,0)+IFERROR(FE39*1,0) -> 0 | FP39: =IFERROR(S39*1,0)+IFERROR(AF39*1,0)+IFERROR(AS39*1,0)+IFERROR(BF39*1,0)+IFERROR(BS39*1,0)+IFERROR(CF39*1,0)+IFERROR(CS39*1,0)+IFERROR(DF39*1,0)+IFERROR(DS39*1,0)+IFERROR(EF39*1,0)+IFERROR(ES39*1,0)+IFERROR(FF39*1,0) -> 0 | FQ39: =IFERROR(T39*1,0)+IFERROR(AG39*1,0)+IFERROR(AT39*1,0)+IFERROR(BG39*1,0)+IFERROR(BT39*1,0)+IFERROR(CG39*1,0)+IFERROR(CT39*1,0)+IFERROR(DG39*1,0)+IFERROR(DT39*1,0)+IFERROR(EG39*1,0)+IFERROR(ET39*1,0)+IFERROR(FG39*1,0) -> 0 | FR39: =IFERROR(U39*1,0)+IFERROR(AH39*1,0)+IFERROR(AU39*1,0)+IFERROR(BH39*1,0)+IFERROR(BU39*1,0)+IFERROR(CH39*1,0)+IFERROR(CU39*1,0)+IFERROR(DH39*1,0)+IFERROR(DU39*1,0)+IFERROR(EH39*1,0)+IFERROR(EU39*1,0)+IFERROR(FH39*1,0) -> 0 | FS39: =IFERROR(V39*1,0)+IFERROR(AI39*1,0)+IFERROR(AV39*1,0)+IFERROR(BI39*1,0)+IFERROR(BV39*1,0)+IFERROR(CI39*1,0)+IFERROR(CV39*1,0)+IFERROR(DI39*1,0)+IFERROR(DV39*1,0)+IFERROR(EI39*1,0)+IFERROR(EV39*1,0)+IFERROR(FI39*1,0) -> 0 | FT39: =IFERROR(W39*1,0)+IFERROR(AJ39*1,0)+IFERROR(AW39*1,0)+IFERROR(BJ39*1,0)+IFERROR(BW39*1,0)+IFERROR(CJ39*1,0)+IFERROR(CW39*1,0)+IFERROR(DJ39*1,0)+IFERROR(DW39*1,0)+IFERROR(EJ39*1,0)+IFERROR(EW39*1,0)+IFERROR(FJ39*1,0) -> 0 | FU39: =IFERROR(X39*1,0)+IFERROR(AK39*1,0)+IFERROR(AX39*1,0)+IFERROR(BK39*1,0)+IFERROR(BX39*1,0)+IFERROR(CK39*1,0)+IFERROR(CX39*1,0)+IFERROR(DK39*1,0)+IFERROR(DX39*1,0)+IFERROR(EK39*1,0)+IFERROR(EX39*1,0)+IFERROR(FK39*1,0) -> 0 | FV39: =IFERROR(Y39*1,0)+IFERROR(AL39*1,0)+IFERROR(AY39*1,0)+IFERROR(BL39*1,0)+IFERROR(BY39*1,0)+IFERROR(CL39*1,0)+IFERROR(CY39*1,0)+IFERROR(DL39*1,0)+IFERROR(DY39*1,0)+IFERROR(EL39*1,0)+IFERROR(EY39*1,0)+IFERROR(FL39*1,0) -> 0 | FX39: =N39+IFERROR(FW39*1,0) -> 0
A40: =IF(C40<>"","DRG-"&TEXT(36,"000"),"") -> DRG-036 | B40: Mehrajaa | C40: Mehrajaa | D40: Brunche | E40: شارع 9 المعادي | F40: Cairo | L40: 4 | M40: =IF(N40>=4,"✔ Completed","✘ Pending") -> ✘ Pending | N40: =(P40="✔")+(AC40="✔")+(AP40="✔")+(BC40="✔")+(BP40="✔")+(CC40="✔")+(CP40="✔")+(DC40="✔")+(DP40="✔")+(EC40="✔")+(EP40="✔")+(FC40="✔") -> 0 | FO40: =IFERROR(R40*1,0)+IFERROR(AE40*1,0)+IFERROR(AR40*1,0)+IFERROR(BE40*1,0)+IFERROR(BR40*1,0)+IFERROR(CE40*1,0)+IFERROR(CR40*1,0)+IFERROR(DE40*1,0)+IFERROR(DR40*1,0)+IFERROR(EE40*1,0)+IFERROR(ER40*1,0)+IFERROR(FE40*1,0) -> 0 | FP40: =IFERROR(S40*1,0)+IFERROR(AF40*1,0)+IFERROR(AS40*1,0)+IFERROR(BF40*1,0)+IFERROR(BS40*1,0)+IFERROR(CF40*1,0)+IFERROR(CS40*1,0)+IFERROR(DF40*1,0)+IFERROR(DS40*1,0)+IFERROR(EF40*1,0)+IFERROR(ES40*1,0)+IFERROR(FF40*1,0) -> 0 | FQ40: =IFERROR(T40*1,0)+IFERROR(AG40*1,0)+IFERROR(AT40*1,0)+IFERROR(BG40*1,0)+IFERROR(BT40*1,0)+IFERROR(CG40*1,0)+IFERROR(CT40*1,0)+IFERROR(DG40*1,0)+IFERROR(DT40*1,0)+IFERROR(EG40*1,0)+IFERROR(ET40*1,0)+IFERROR(FG40*1,0) -> 0 | FR40: =IFERROR(U40*1,0)+IFERROR(AH40*1,0)+IFERROR(AU40*1,0)+IFERROR(BH40*1,0)+IFERROR(BU40*1,0)+IFERROR(CH40*1,0)+IFERROR(CU40*1,0)+IFERROR(DH40*1,0)+IFERROR(DU40*1,0)+IFERROR(EH40*1,0)+IFERROR(EU40*1,0)+IFERROR(FH40*1,0) -> 0 | FS40: =IFERROR(V40*1,0)+IFERROR(AI40*1,0)+IFERROR(AV40*1,0)+IFERROR(BI40*1,0)+IFERROR(BV40*1,0)+IFERROR(CI40*1,0)+IFERROR(CV40*1,0)+IFERROR(DI40*1,0)+IFERROR(DV40*1,0)+IFERROR(EI40*1,0)+IFERROR(EV40*1,0)+IFERROR(FI40*1,0) -> 0 | FT40: =IFERROR(W40*1,0)+IFERROR(AJ40*1,0)+IFERROR(AW40*1,0)+IFERROR(BJ40*1,0)+IFERROR(BW40*1,0)+IFERROR(CJ40*1,0)+IFERROR(CW40*1,0)+IFERROR(DJ40*1,0)+IFERROR(DW40*1,0)+IFERROR(EJ40*1,0)+IFERROR(EW40*1,0)+IFERROR(FJ40*1,0) -> 0 | FU40: =IFERROR(X40*1,0)+IFERROR(AK40*1,0)+IFERROR(AX40*1,0)+IFERROR(BK40*1,0)+IFERROR(BX40*1,0)+IFERROR(CK40*1,0)+IFERROR(CX40*1,0)+IFERROR(DK40*1,0)+IFERROR(DX40*1,0)+IFERROR(EK40*1,0)+IFERROR(EX40*1,0)+IFERROR(FK40*1,0) -> 0 | FV40: =IFERROR(Y40*1,0)+IFERROR(AL40*1,0)+IFERROR(AY40*1,0)+IFERROR(BL40*1,0)+IFERROR(BY40*1,0)+IFERROR(CL40*1,0)+IFERROR(CY40*1,0)+IFERROR(DL40*1,0)+IFERROR(DY40*1,0)+IFERROR(EL40*1,0)+IFERROR(EY40*1,0)+IFERROR(FL40*1,0) -> 0 | FX40: =N40+IFERROR(FW40*1,0) -> 0
A41: =IF(C41<>"","DRG-"&TEXT(37,"000"),"") -> DRG-037 | B41: Mehrajaa | C41: Mehrajaa | D41: Brunche | E41: شارع 7 المعادي | F41: Cairo | L41: 4 | M41: =IF(N41>=4,"✔ Completed","✘ Pending") -> ✘ Pending | N41: =(P41="✔")+(AC41="✔")+(AP41="✔")+(BC41="✔")+(BP41="✔")+(CC41="✔")+(CP41="✔")+(DC41="✔")+(DP41="✔")+(EC41="✔")+(EP41="✔")+(FC41="✔") -> 0 | FO41: =IFERROR(R41*1,0)+IFERROR(AE41*1,0)+IFERROR(AR41*1,0)+IFERROR(BE41*1,0)+IFERROR(BR41*1,0)+IFERROR(CE41*1,0)+IFERROR(CR41*1,0)+IFERROR(DE41*1,0)+IFERROR(DR41*1,0)+IFERROR(EE41*1,0)+IFERROR(ER41*1,0)+IFERROR(FE41*1,0) -> 0 | FP41: =IFERROR(S41*1,0)+IFERROR(AF41*1,0)+IFERROR(AS41*1,0)+IFERROR(BF41*1,0)+IFERROR(BS41*1,0)+IFERROR(CF41*1,0)+IFERROR(CS41*1,0)+IFERROR(DF41*1,0)+IFERROR(DS41*1,0)+IFERROR(EF41*1,0)+IFERROR(ES41*1,0)+IFERROR(FF41*1,0) -> 0 | FQ41: =IFERROR(T41*1,0)+IFERROR(AG41*1,0)+IFERROR(AT41*1,0)+IFERROR(BG41*1,0)+IFERROR(BT41*1,0)+IFERROR(CG41*1,0)+IFERROR(CT41*1,0)+IFERROR(DG41*1,0)+IFERROR(DT41*1,0)+IFERROR(EG41*1,0)+IFERROR(ET41*1,0)+IFERROR(FG41*1,0) -> 0 | FR41: =IFERROR(U41*1,0)+IFERROR(AH41*1,0)+IFERROR(AU41*1,0)+IFERROR(BH41*1,0)+IFERROR(BU41*1,0)+IFERROR(CH41*1,0)+IFERROR(CU41*1,0)+IFERROR(DH41*1,0)+IFERROR(DU41*1,0)+IFERROR(EH41*1,0)+IFERROR(EU41*1,0)+IFERROR(FH41*1,0) -> 0 | FS41: =IFERROR(V41*1,0)+IFERROR(AI41*1,0)+IFERROR(AV41*1,0)+IFERROR(BI41*1,0)+IFERROR(BV41*1,0)+IFERROR(CI41*1,0)+IFERROR(CV41*1,0)+IFERROR(DI41*1,0)+IFERROR(DV41*1,0)+IFERROR(EI41*1,0)+IFERROR(EV41*1,0)+IFERROR(FI41*1,0) -> 0 | FT41: =IFERROR(W41*1,0)+IFERROR(AJ41*1,0)+IFERROR(AW41*1,0)+IFERROR(BJ41*1,0)+IFERROR(BW41*1,0)+IFERROR(CJ41*1,0)+IFERROR(CW41*1,0)+IFERROR(DJ41*1,0)+IFERROR(DW41*1,0)+IFERROR(EJ41*1,0)+IFERROR(EW41*1,0)+IFERROR(FJ41*1,0) -> 0 | FU41: =IFERROR(X41*1,0)+IFERROR(AK41*1,0)+IFERROR(AX41*1,0)+IFERROR(BK41*1,0)+IFERROR(BX41*1,0)+IFERROR(CK41*1,0)+IFERROR(CX41*1,0)+IFERROR(DK41*1,0)+IFERROR(DX41*1,0)+IFERROR(EK41*1,0)+IFERROR(EX41*1,0)+IFERROR(FK41*1,0) -> 0 | FV41: =IFERROR(Y41*1,0)+IFERROR(AL41*1,0)+IFERROR(AY41*1,0)+IFERROR(BL41*1,0)+IFERROR(BY41*1,0)+IFERROR(CL41*1,0)+IFERROR(CY41*1,0)+IFERROR(DL41*1,0)+IFERROR(DY41*1,0)+IFERROR(EL41*1,0)+IFERROR(EY41*1,0)+IFERROR(FL41*1,0) -> 0 | FX41: =N41+IFERROR(FW41*1,0) -> 0
A42: =IF(C42<>"","DRG-"&TEXT(38,"000"),"") -> DRG-038 | B42: Mehrajaa | C42: Mehrajaa | D42: Brunche | E42: سيتي ستارز | F42: Cairo | L42: 4 | M42: =IF(N42>=4,"✔ Completed","✘ Pending") -> ✘ Pending | N42: =(P42="✔")+(AC42="✔")+(AP42="✔")+(BC42="✔")+(BP42="✔")+(CC42="✔")+(CP42="✔")+(DC42="✔")+(DP42="✔")+(EC42="✔")+(EP42="✔")+(FC42="✔") -> 0 | FO42: =IFERROR(R42*1,0)+IFERROR(AE42*1,0)+IFERROR(AR42*1,0)+IFERROR(BE42*1,0)+IFERROR(BR42*1,0)+IFERROR(CE42*1,0)+IFERROR(CR42*1,0)+IFERROR(DE42*1,0)+IFERROR(DR42*1,0)+IFERROR(EE42*1,0)+IFERROR(ER42*1,0)+IFERROR(FE42*1,0) -> 0 | FP42: =IFERROR(S42*1,0)+IFERROR(AF42*1,0)+IFERROR(AS42*1,0)+IFERROR(BF42*1,0)+IFERROR(BS42*1,0)+IFERROR(CF42*1,0)+IFERROR(CS42*1,0)+IFERROR(DF42*1,0)+IFERROR(DS42*1,0)+IFERROR(EF42*1,0)+IFERROR(ES42*1,0)+IFERROR(FF42*1,0) -> 0 | FQ42: =IFERROR(T42*1,0)+IFERROR(AG42*1,0)+IFERROR(AT42*1,0)+IFERROR(BG42*1,0)+IFERROR(BT42*1,0)+IFERROR(CG42*1,0)+IFERROR(CT42*1,0)+IFERROR(DG42*1,0)+IFERROR(DT42*1,0)+IFERROR(EG42*1,0)+IFERROR(ET42*1,0)+IFERROR(FG42*1,0) -> 0 | FR42: =IFERROR(U42*1,0)+IFERROR(AH42*1,0)+IFERROR(AU42*1,0)+IFERROR(BH42*1,0)+IFERROR(BU42*1,0)+IFERROR(CH42*1,0)+IFERROR(CU42*1,0)+IFERROR(DH42*1,0)+IFERROR(DU42*1,0)+IFERROR(EH42*1,0)+IFERROR(EU42*1,0)+IFERROR(FH42*1,0) -> 0 | FS42: =IFERROR(V42*1,0)+IFERROR(AI42*1,0)+IFERROR(AV42*1,0)+IFERROR(BI42*1,0)+IFERROR(BV42*1,0)+IFERROR(CI42*1,0)+IFERROR(CV42*1,0)+IFERROR(DI42*1,0)+IFERROR(DV42*1,0)+IFERROR(EI42*1,0)+IFERROR(EV42*1,0)+IFERROR(FI42*1,0) -> 0 | FT42: =IFERROR(W42*1,0)+IFERROR(AJ42*1,0)+IFERROR(AW42*1,0)+IFERROR(BJ42*1,0)+IFERROR(BW42*1,0)+IFERROR(CJ42*1,0)+IFERROR(CW42*1,0)+IFERROR(DJ42*1,0)+IFERROR(DW42*1,0)+IFERROR(EJ42*1,0)+IFERROR(EW42*1,0)+IFERROR(FJ42*1,0) -> 0 | FU42: =IFERROR(X42*1,0)+IFERROR(AK42*1,0)+IFERROR(AX42*1,0)+IFERROR(BK42*1,0)+IFERROR(BX42*1,0)+IFERROR(CK42*1,0)+IFERROR(CX42*1,0)+IFERROR(DK42*1,0)+IFERROR(DX42*1,0)+IFERROR(EK42*1,0)+IFERROR(EX42*1,0)+IFERROR(FK42*1,0) -> 0 | FV42: =IFERROR(Y42*1,0)+IFERROR(AL42*1,0)+IFERROR(AY42*1,0)+IFERROR(BL42*1,0)+IFERROR(BY42*1,0)+IFERROR(CL42*1,0)+IFERROR(CY42*1,0)+IFERROR(DL42*1,0)+IFERROR(DY42*1,0)+IFERROR(EL42*1,0)+IFERROR(EY42*1,0)+IFERROR(FL42*1,0) -> 0 | FX42: =N42+IFERROR(FW42*1,0) -> 0
A43: =IF(C43<>"","DRG-"&TEXT(39,"000"),"") -> DRG-039 | B43: Mehrajaa | C43: Mehrajaa | D43: Brunche | E43: زايد | F43: Giza | L43: 4 | M43: =IF(N43>=4,"✔ Completed","✘ Pending") -> ✘ Pending | N43: =(P43="✔")+(AC43="✔")+(AP43="✔")+(BC43="✔")+(BP43="✔")+(CC43="✔")+(CP43="✔")+(DC43="✔")+(DP43="✔")+(EC43="✔")+(EP43="✔")+(FC43="✔") -> 0 | FO43: =IFERROR(R43*1,0)+IFERROR(AE43*1,0)+IFERROR(AR43*1,0)+IFERROR(BE43*1,0)+IFERROR(BR43*1,0)+IFERROR(CE43*1,0)+IFERROR(CR43*1,0)+IFERROR(DE43*1,0)+IFERROR(DR43*1,0)+IFERROR(EE43*1,0)+IFERROR(ER43*1,0)+IFERROR(FE43*1,0) -> 0 | FP43: =IFERROR(S43*1,0)+IFERROR(AF43*1,0)+IFERROR(AS43*1,0)+IFERROR(BF43*1,0)+IFERROR(BS43*1,0)+IFERROR(CF43*1,0)+IFERROR(CS43*1,0)+IFERROR(DF43*1,0)+IFERROR(DS43*1,0)+IFERROR(EF43*1,0)+IFERROR(ES43*1,0)+IFERROR(FF43*1,0) -> 0 | FQ43: =IFERROR(T43*1,0)+IFERROR(AG43*1,0)+IFERROR(AT43*1,0)+IFERROR(BG43*1,0)+IFERROR(BT43*1,0)+IFERROR(CG43*1,0)+IFERROR(CT43*1,0)+IFERROR(DG43*1,0)+IFERROR(DT43*1,0)+IFERROR(EG43*1,0)+IFERROR(ET43*1,0)+IFERROR(FG43*1,0) -> 0 | FR43: =IFERROR(U43*1,0)+IFERROR(AH43*1,0)+IFERROR(AU43*1,0)+IFERROR(BH43*1,0)+IFERROR(BU43*1,0)+IFERROR(CH43*1,0)+IFERROR(CU43*1,0)+IFERROR(DH43*1,0)+IFERROR(DU43*1,0)+IFERROR(EH43*1,0)+IFERROR(EU43*1,0)+IFERROR(FH43*1,0) -> 0 | FS43: =IFERROR(V43*1,0)+IFERROR(AI43*1,0)+IFERROR(AV43*1,0)+IFERROR(BI43*1,0)+IFERROR(BV43*1,0)+IFERROR(CI43*1,0)+IFERROR(CV43*1,0)+IFERROR(DI43*1,0)+IFERROR(DV43*1,0)+IFERROR(EI43*1,0)+IFERROR(EV43*1,0)+IFERROR(FI43*1,0) -> 0 | FT43: =IFERROR(W43*1,0)+IFERROR(AJ43*1,0)+IFERROR(AW43*1,0)+IFERROR(BJ43*1,0)+IFERROR(BW43*1,0)+IFERROR(CJ43*1,0)+IFERROR(CW43*1,0)+IFERROR(DJ43*1,0)+IFERROR(DW43*1,0)+IFERROR(EJ43*1,0)+IFERROR(EW43*1,0)+IFERROR(FJ43*1,0) -> 0 | FU43: =IFERROR(X43*1,0)+IFERROR(AK43*1,0)+IFERROR(AX43*1,0)+IFERROR(BK43*1,0)+IFERROR(BX43*1,0)+IFERROR(CK43*1,0)+IFERROR(CX43*1,0)+IFERROR(DK43*1,0)+IFERROR(DX43*1,0)+IFERROR(EK43*1,0)+IFERROR(EX43*1,0)+IFERROR(FK43*1,0) -> 0 | FV43: =IFERROR(Y43*1,0)+IFERROR(AL43*1,0)+IFERROR(AY43*1,0)+IFERROR(BL43*1,0)+IFERROR(BY43*1,0)+IFERROR(CL43*1,0)+IFERROR(CY43*1,0)+IFERROR(DL43*1,0)+IFERROR(DY43*1,0)+IFERROR(EL43*1,0)+IFERROR(EY43*1,0)+IFERROR(FL43*1,0) -> 0 | FX43: =N43+IFERROR(FW43*1,0) -> 0
A44: =IF(C44<>"","DRG-"&TEXT(40,"000"),"") -> DRG-040 | B44: Mehrajaa | C44: Mehrajaa | D44: Brunche | E44: الحصري | F44: Giza | L44: 4 | M44: =IF(N44>=4,"✔ Completed","✘ Pending") -> ✘ Pending | N44: =(P44="✔")+(AC44="✔")+(AP44="✔")+(BC44="✔")+(BP44="✔")+(CC44="✔")+(CP44="✔")+(DC44="✔")+(DP44="✔")+(EC44="✔")+(EP44="✔")+(FC44="✔") -> 0 | FO44: =IFERROR(R44*1,0)+IFERROR(AE44*1,0)+IFERROR(AR44*1,0)+IFERROR(BE44*1,0)+IFERROR(BR44*1,0)+IFERROR(CE44*1,0)+IFERROR(CR44*1,0)+IFERROR(DE44*1,0)+IFERROR(DR44*1,0)+IFERROR(EE44*1,0)+IFERROR(ER44*1,0)+IFERROR(FE44*1,0) -> 0 | FP44: =IFERROR(S44*1,0)+IFERROR(AF44*1,0)+IFERROR(AS44*1,0)+IFERROR(BF44*1,0)+IFERROR(BS44*1,0)+IFERROR(CF44*1,0)+IFERROR(CS44*1,0)+IFERROR(DF44*1,0)+IFERROR(DS44*1,0)+IFERROR(EF44*1,0)+IFERROR(ES44*1,0)+IFERROR(FF44*1,0) -> 0 | FQ44: =IFERROR(T44*1,0)+IFERROR(AG44*1,0)+IFERROR(AT44*1,0)+IFERROR(BG44*1,0)+IFERROR(BT44*1,0)+IFERROR(CG44*1,0)+IFERROR(CT44*1,0)+IFERROR(DG44*1,0)+IFERROR(DT44*1,0)+IFERROR(EG44*1,0)+IFERROR(ET44*1,0)+IFERROR(FG44*1,0) -> 0 | FR44: =IFERROR(U44*1,0)+IFERROR(AH44*1,0)+IFERROR(AU44*1,0)+IFERROR(BH44*1,0)+IFERROR(BU44*1,0)+IFERROR(CH44*1,0)+IFERROR(CU44*1,0)+IFERROR(DH44*1,0)+IFERROR(DU44*1,0)+IFERROR(EH44*1,0)+IFERROR(EU44*1,0)+IFERROR(FH44*1,0) -> 0 | FS44: =IFERROR(V44*1,0)+IFERROR(AI44*1,0)+IFERROR(AV44*1,0)+IFERROR(BI44*1,0)+IFERROR(BV44*1,0)+IFERROR(CI44*1,0)+IFERROR(CV44*1,0)+IFERROR(DI44*1,0)+IFERROR(DV44*1,0)+IFERROR(EI44*1,0)+IFERROR(EV44*1,0)+IFERROR(FI44*1,0) -> 0 | FT44: =IFERROR(W44*1,0)+IFERROR(AJ44*1,0)+IFERROR(AW44*1,0)+IFERROR(BJ44*1,0)+IFERROR(BW44*1,0)+IFERROR(CJ44*1,0)+IFERROR(CW44*1,0)+IFERROR(DJ44*1,0)+IFERROR(DW44*1,0)+IFERROR(EJ44*1,0)+IFERROR(EW44*1,0)+IFERROR(FJ44*1,0) -> 0 | FU44: =IFERROR(X44*1,0)+IFERROR(AK44*1,0)+IFERROR(AX44*1,0)+IFERROR(BK44*1,0)+IFERROR(BX44*1,0)+IFERROR(CK44*1,0)+IFERROR(CX44*1,0)+IFERROR(DK44*1,0)+IFERROR(DX44*1,0)+IFERROR(EK44*1,0)+IFERROR(EX44*1,0)+IFERROR(FK44*1,0) -> 0 | FV44: =IFERROR(Y44*1,0)+IFERROR(AL44*1,0)+IFERROR(AY44*1,0)+IFERROR(BL44*1,0)+IFERROR(BY44*1,0)+IFERROR(CL44*1,0)+IFERROR(CY44*1,0)+IFERROR(DL44*1,0)+IFERROR(DY44*1,0)+IFERROR(EL44*1,0)+IFERROR(EY44*1,0)+IFERROR(FL44*1,0) -> 0 | FX44: =N44+IFERROR(FW44*1,0) -> 0
A45: =IF(C45<>"","DRG-"&TEXT(41,"000"),"") -> DRG-041 | B45: Mehrajaa | C45: Mehrajaa | D45: Brunche | E45: الزمالك | F45: Cairo | L45: 4 | M45: =IF(N45>=4,"✔ Completed","✘ Pending") -> ✘ Pending | N45: =(P45="✔")+(AC45="✔")+(AP45="✔")+(BC45="✔")+(BP45="✔")+(CC45="✔")+(CP45="✔")+(DC45="✔")+(DP45="✔")+(EC45="✔")+(EP45="✔")+(FC45="✔") -> 0 | FO45: =IFERROR(R45*1,0)+IFERROR(AE45*1,0)+IFERROR(AR45*1,0)+IFERROR(BE45*1,0)+IFERROR(BR45*1,0)+IFERROR(CE45*1,0)+IFERROR(CR45*1,0)+IFERROR(DE45*1,0)+IFERROR(DR45*1,0)+IFERROR(EE45*1,0)+IFERROR(ER45*1,0)+IFERROR(FE45*1,0) -> 0 | FP45: =IFERROR(S45*1,0)+IFERROR(AF45*1,0)+IFERROR(AS45*1,0)+IFERROR(BF45*1,0)+IFERROR(BS45*1,0)+IFERROR(CF45*1,0)+IFERROR(CS45*1,0)+IFERROR(DF45*1,0)+IFERROR(DS45*1,0)+IFERROR(EF45*1,0)+IFERROR(ES45*1,0)+IFERROR(FF45*1,0) -> 0 | FQ45: =IFERROR(T45*1,0)+IFERROR(AG45*1,0)+IFERROR(AT45*1,0)+IFERROR(BG45*1,0)+IFERROR(BT45*1,0)+IFERROR(CG45*1,0)+IFERROR(CT45*1,0)+IFERROR(DG45*1,0)+IFERROR(DT45*1,0)+IFERROR(EG45*1,0)+IFERROR(ET45*1,0)+IFERROR(FG45*1,0) -> 0 | FR45: =IFERROR(U45*1,0)+IFERROR(AH45*1,0)+IFERROR(AU45*1,0)+IFERROR(BH45*1,0)+IFERROR(BU45*1,0)+IFERROR(CH45*1,0)+IFERROR(CU45*1,0)+IFERROR(DH45*1,0)+IFERROR(DU45*1,0)+IFERROR(EH45*1,0)+IFERROR(EU45*1,0)+IFERROR(FH45*1,0) -> 0 | FS45: =IFERROR(V45*1,0)+IFERROR(AI45*1,0)+IFERROR(AV45*1,0)+IFERROR(BI45*1,0)+IFERROR(BV45*1,0)+IFERROR(CI45*1,0)+IFERROR(CV45*1,0)+IFERROR(DI45*1,0)+IFERROR(DV45*1,0)+IFERROR(EI45*1,0)+IFERROR(EV45*1,0)+IFERROR(FI45*1,0) -> 0 | FT45: =IFERROR(W45*1,0)+IFERROR(AJ45*1,0)+IFERROR(AW45*1,0)+IFERROR(BJ45*1,0)+IFERROR(BW45*1,0)+IFERROR(CJ45*1,0)+IFERROR(CW45*1,0)+IFERROR(DJ45*1,0)+IFERROR(DW45*1,0)+IFERROR(EJ45*1,0)+IFERROR(EW45*1,0)+IFERROR(FJ45*1,0) -> 0 | FU45: =IFERROR(X45*1,0)+IFERROR(AK45*1,0)+IFERROR(AX45*1,0)+IFERROR(BK45*1,0)+IFERROR(BX45*1,0)+IFERROR(CK45*1,0)+IFERROR(CX45*1,0)+IFERROR(DK45*1,0)+IFERROR(DX45*1,0)+IFERROR(EK45*1,0)+IFERROR(EX45*1,0)+IFERROR(FK45*1,0) -> 0 | FV45: =IFERROR(Y45*1,0)+IFERROR(AL45*1,0)+IFERROR(AY45*1,0)+IFERROR(BL45*1,0)+IFERROR(BY45*1,0)+IFERROR(CL45*1,0)+IFERROR(CY45*1,0)+IFERROR(DL45*1,0)+IFERROR(DY45*1,0)+IFERROR(EL45*1,0)+IFERROR(EY45*1,0)+IFERROR(FL45*1,0) -> 0 | FX45: =N45+IFERROR(FW45*1,0) -> 0
A46: =IF(C46<>"","DRG-"&TEXT(42,"000"),"") -> DRG-042 | B46: Mehrajaa | C46: Mehrajaa | D46: Brunche | E46: سبورتينج | F46: Alexandria | L46: 4 | M46: =IF(N46>=4,"✔ Completed","✘ Pending") -> ✘ Pending | N46: =(P46="✔")+(AC46="✔")+(AP46="✔")+(BC46="✔")+(BP46="✔")+(CC46="✔")+(CP46="✔")+(DC46="✔")+(DP46="✔")+(EC46="✔")+(EP46="✔")+(FC46="✔") -> 0 | FO46: =IFERROR(R46*1,0)+IFERROR(AE46*1,0)+IFERROR(AR46*1,0)+IFERROR(BE46*1,0)+IFERROR(BR46*1,0)+IFERROR(CE46*1,0)+IFERROR(CR46*1,0)+IFERROR(DE46*1,0)+IFERROR(DR46*1,0)+IFERROR(EE46*1,0)+IFERROR(ER46*1,0)+IFERROR(FE46*1,0) -> 0 | FP46: =IFERROR(S46*1,0)+IFERROR(AF46*1,0)+IFERROR(AS46*1,0)+IFERROR(BF46*1,0)+IFERROR(BS46*1,0)+IFERROR(CF46*1,0)+IFERROR(CS46*1,0)+IFERROR(DF46*1,0)+IFERROR(DS46*1,0)+IFERROR(EF46*1,0)+IFERROR(ES46*1,0)+IFERROR(FF46*1,0) -> 0 | FQ46: =IFERROR(T46*1,0)+IFERROR(AG46*1,0)+IFERROR(AT46*1,0)+IFERROR(BG46*1,0)+IFERROR(BT46*1,0)+IFERROR(CG46*1,0)+IFERROR(CT46*1,0)+IFERROR(DG46*1,0)+IFERROR(DT46*1,0)+IFERROR(EG46*1,0)+IFERROR(ET46*1,0)+IFERROR(FG46*1,0) -> 0 | FR46: =IFERROR(U46*1,0)+IFERROR(AH46*1,0)+IFERROR(AU46*1,0)+IFERROR(BH46*1,0)+IFERROR(BU46*1,0)+IFERROR(CH46*1,0)+IFERROR(CU46*1,0)+IFERROR(DH46*1,0)+IFERROR(DU46*1,0)+IFERROR(EH46*1,0)+IFERROR(EU46*1,0)+IFERROR(FH46*1,0) -> 0 | FS46: =IFERROR(V46*1,0)+IFERROR(AI46*1,0)+IFERROR(AV46*1,0)+IFERROR(BI46*1,0)+IFERROR(BV46*1,0)+IFERROR(CI46*1,0)+IFERROR(CV46*1,0)+IFERROR(DI46*1,0)+IFERROR(DV46*1,0)+IFERROR(EI46*1,0)+IFERROR(EV46*1,0)+IFERROR(FI46*1,0) -> 0 | FT46: =IFERROR(W46*1,0)+IFERROR(AJ46*1,0)+IFERROR(AW46*1,0)+IFERROR(BJ46*1,0)+IFERROR(BW46*1,0)+IFERROR(CJ46*1,0)+IFERROR(CW46*1,0)+IFERROR(DJ46*1,0)+IFERROR(DW46*1,0)+IFERROR(EJ46*1,0)+IFERROR(EW46*1,0)+IFERROR(FJ46*1,0) -> 0 | FU46: =IFERROR(X46*1,0)+IFERROR(AK46*1,0)+IFERROR(AX46*1,0)+IFERROR(BK46*1,0)+IFERROR(BX46*1,0)+IFERROR(CK46*1,0)+IFERROR(CX46*1,0)+IFERROR(DK46*1,0)+IFERROR(DX46*1,0)+IFERROR(EK46*1,0)+IFERROR(EX46*1,0)+IFERROR(FK46*1,0) -> 0 | FV46: =IFERROR(Y46*1,0)+IFERROR(AL46*1,0)+IFERROR(AY46*1,0)+IFERROR(BL46*1,0)+IFERROR(BY46*1,0)+IFERROR(CL46*1,0)+IFERROR(CY46*1,0)+IFERROR(DL46*1,0)+IFERROR(DY46*1,0)+IFERROR(EL46*1,0)+IFERROR(EY46*1,0)+IFERROR(FL46*1,0) -> 0 | FX46: =N46+IFERROR(FW46*1,0) -> 0
A47: =IF(C47<>"","DRG-"&TEXT(43,"000"),"") -> DRG-043 | B47: Mehrajaa | C47: Mehrajaa | D47: Brunche | E47: سموحه | F47: Alexandria | L47: 4 | M47: =IF(N47>=4,"✔ Completed","✘ Pending") -> ✘ Pending | N47: =(P47="✔")+(AC47="✔")+(AP47="✔")+(BC47="✔")+(BP47="✔")+(CC47="✔")+(CP47="✔")+(DC47="✔")+(DP47="✔")+(EC47="✔")+(EP47="✔")+(FC47="✔") -> 0 | FO47: =IFERROR(R47*1,0)+IFERROR(AE47*1,0)+IFERROR(AR47*1,0)+IFERROR(BE47*1,0)+IFERROR(BR47*1,0)+IFERROR(CE47*1,0)+IFERROR(CR47*1,0)+IFERROR(DE47*1,0)+IFERROR(DR47*1,0)+IFERROR(EE47*1,0)+IFERROR(ER47*1,0)+IFERROR(FE47*1,0) -> 0 | FP47: =IFERROR(S47*1,0)+IFERROR(AF47*1,0)+IFERROR(AS47*1,0)+IFERROR(BF47*1,0)+IFERROR(BS47*1,0)+IFERROR(CF47*1,0)+IFERROR(CS47*1,0)+IFERROR(DF47*1,0)+IFERROR(DS47*1,0)+IFERROR(EF47*1,0)+IFERROR(ES47*1,0)+IFERROR(FF47*1,0) -> 0 | FQ47: =IFERROR(T47*1,0)+IFERROR(AG47*1,0)+IFERROR(AT47*1,0)+IFERROR(BG47*1,0)+IFERROR(BT47*1,0)+IFERROR(CG47*1,0)+IFERROR(CT47*1,0)+IFERROR(DG47*1,0)+IFERROR(DT47*1,0)+IFERROR(EG47*1,0)+IFERROR(ET47*1,0)+IFERROR(FG47*1,0) -> 0 | FR47: =IFERROR(U47*1,0)+IFERROR(AH47*1,0)+IFERROR(AU47*1,0)+IFERROR(BH47*1,0)+IFERROR(BU47*1,0)+IFERROR(CH47*1,0)+IFERROR(CU47*1,0)+IFERROR(DH47*1,0)+IFERROR(DU47*1,0)+IFERROR(EH47*1,0)+IFERROR(EU47*1,0)+IFERROR(FH47*1,0) -> 0 | FS47: =IFERROR(V47*1,0)+IFERROR(AI47*1,0)+IFERROR(AV47*1,0)+IFERROR(BI47*1,0)+IFERROR(BV47*1,0)+IFERROR(CI47*1,0)+IFERROR(CV47*1,0)+IFERROR(DI47*1,0)+IFERROR(DV47*1,0)+IFERROR(EI47*1,0)+IFERROR(EV47*1,0)+IFERROR(FI47*1,0) -> 0 | FT47: =IFERROR(W47*1,0)+IFERROR(AJ47*1,0)+IFERROR(AW47*1,0)+IFERROR(BJ47*1,0)+IFERROR(BW47*1,0)+IFERROR(CJ47*1,0)+IFERROR(CW47*1,0)+IFERROR(DJ47*1,0)+IFERROR(DW47*1,0)+IFERROR(EJ47*1,0)+IFERROR(EW47*1,0)+IFERROR(FJ47*1,0) -> 0 | FU47: =IFERROR(X47*1,0)+IFERROR(AK47*1,0)+IFERROR(AX47*1,0)+IFERROR(BK47*1,0)+IFERROR(BX47*1,0)+IFERROR(CK47*1,0)+IFERROR(CX47*1,0)+IFERROR(DK47*1,0)+IFERROR(DX47*1,0)+IFERROR(EK47*1,0)+IFERROR(EX47*1,0)+IFERROR(FK47*1,0) -> 0 | FV47: =IFERROR(Y47*1,0)+IFERROR(AL47*1,0)+IFERROR(AY47*1,0)+IFERROR(BL47*1,0)+IFERROR(BY47*1,0)+IFERROR(CL47*1,0)+IFERROR(CY47*1,0)+IFERROR(DL47*1,0)+IFERROR(DY47*1,0)+IFERROR(EL47*1,0)+IFERROR(EY47*1,0)+IFERROR(FL47*1,0) -> 0 | FX47: =N47+IFERROR(FW47*1,0) -> 0
A48: =IF(C48<>"","DRG-"&TEXT(44,"000"),"") -> DRG-044 | B48: KAK | C48: KAK | D48: Brunche | E48: زايد | F48: Giza | G48: Monday | I48: 0.41666667 | J48: 60min | K48: 3 | L48: 4 | M48: =IF(N48>=4,"✔ Completed","✘ Pending") -> ✘ Pending | N48: =(P48="✔")+(AC48="✔")+(AP48="✔")+(BC48="✔")+(BP48="✔")+(CC48="✔")+(CP48="✔")+(DC48="✔")+(DP48="✔")+(EC48="✔")+(EP48="✔")+(FC48="✔") -> 0 | FO48: =IFERROR(R48*1,0)+IFERROR(AE48*1,0)+IFERROR(AR48*1,0)+IFERROR(BE48*1,0)+IFERROR(BR48*1,0)+IFERROR(CE48*1,0)+IFERROR(CR48*1,0)+IFERROR(DE48*1,0)+IFERROR(DR48*1,0)+IFERROR(EE48*1,0)+IFERROR(ER48*1,0)+IFERROR(FE48*1,0) -> 0 | FP48: =IFERROR(S48*1,0)+IFERROR(AF48*1,0)+IFERROR(AS48*1,0)+IFERROR(BF48*1,0)+IFERROR(BS48*1,0)+IFERROR(CF48*1,0)+IFERROR(CS48*1,0)+IFERROR(DF48*1,0)+IFERROR(DS48*1,0)+IFERROR(EF48*1,0)+IFERROR(ES48*1,0)+IFERROR(FF48*1,0) -> 0 | FQ48: =IFERROR(T48*1,0)+IFERROR(AG48*1,0)+IFERROR(AT48*1,0)+IFERROR(BG48*1,0)+IFERROR(BT48*1,0)+IFERROR(CG48*1,0)+IFERROR(CT48*1,0)+IFERROR(DG48*1,0)+IFERROR(DT48*1,0)+IFERROR(EG48*1,0)+IFERROR(ET48*1,0)+IFERROR(FG48*1,0) -> 0 | FR48: =IFERROR(U48*1,0)+IFERROR(AH48*1,0)+IFERROR(AU48*1,0)+IFERROR(BH48*1,0)+IFERROR(BU48*1,0)+IFERROR(CH48*1,0)+IFERROR(CU48*1,0)+IFERROR(DH48*1,0)+IFERROR(DU48*1,0)+IFERROR(EH48*1,0)+IFERROR(EU48*1,0)+IFERROR(FH48*1,0) -> 0 | FS48: =IFERROR(V48*1,0)+IFERROR(AI48*1,0)+IFERROR(AV48*1,0)+IFERROR(BI48*1,0)+IFERROR(BV48*1,0)+IFERROR(CI48*1,0)+IFERROR(CV48*1,0)+IFERROR(DI48*1,0)+IFERROR(DV48*1,0)+IFERROR(EI48*1,0)+IFERROR(EV48*1,0)+IFERROR(FI48*1,0) -> 0 | FT48: =IFERROR(W48*1,0)+IFERROR(AJ48*1,0)+IFERROR(AW48*1,0)+IFERROR(BJ48*1,0)+IFERROR(BW48*1,0)+IFERROR(CJ48*1,0)+IFERROR(CW48*1,0)+IFERROR(DJ48*1,0)+IFERROR(DW48*1,0)+IFERROR(EJ48*1,0)+IFERROR(EW48*1,0)+IFERROR(FJ48*1,0) -> 0 | FU48: =IFERROR(X48*1,0)+IFERROR(AK48*1,0)+IFERROR(AX48*1,0)+IFERROR(BK48*1,0)+IFERROR(BX48*1,0)+IFERROR(CK48*1,0)+IFERROR(CX48*1,0)+IFERROR(DK48*1,0)+IFERROR(DX48*1,0)+IFERROR(EK48*1,0)+IFERROR(EX48*1,0)+IFERROR(FK48*1,0) -> 0 | FV48: =IFERROR(Y48*1,0)+IFERROR(AL48*1,0)+IFERROR(AY48*1,0)+IFERROR(BL48*1,0)+IFERROR(BY48*1,0)+IFERROR(CL48*1,0)+IFERROR(CY48*1,0)+IFERROR(DL48*1,0)+IFERROR(DY48*1,0)+IFERROR(EL48*1,0)+IFERROR(EY48*1,0)+IFERROR(FL48*1,0) -> 0 | FX48: =N48+IFERROR(FW48*1,0) -> 0
A49: =IF(C49<>"","DRG-"&TEXT(45,"000"),"") -> DRG-045 | B49: KAK | C49: KAK | D49: Brunche | E49: مدينتي | F49: Cairo | L49: 4 | M49: =IF(N49>=4,"✔ Completed","✘ Pending") -> ✘ Pending | N49: =(P49="✔")+(AC49="✔")+(AP49="✔")+(BC49="✔")+(BP49="✔")+(CC49="✔")+(CP49="✔")+(DC49="✔")+(DP49="✔")+(EC49="✔")+(EP49="✔")+(FC49="✔") -> 0 | FO49: =IFERROR(R49*1,0)+IFERROR(AE49*1,0)+IFERROR(AR49*1,0)+IFERROR(BE49*1,0)+IFERROR(BR49*1,0)+IFERROR(CE49*1,0)+IFERROR(CR49*1,0)+IFERROR(DE49*1,0)+IFERROR(DR49*1,0)+IFERROR(EE49*1,0)+IFERROR(ER49*1,0)+IFERROR(FE49*1,0) -> 0 | FP49: =IFERROR(S49*1,0)+IFERROR(AF49*1,0)+IFERROR(AS49*1,0)+IFERROR(BF49*1,0)+IFERROR(BS49*1,0)+IFERROR(CF49*1,0)+IFERROR(CS49*1,0)+IFERROR(DF49*1,0)+IFERROR(DS49*1,0)+IFERROR(EF49*1,0)+IFERROR(ES49*1,0)+IFERROR(FF49*1,0) -> 0 | FQ49: =IFERROR(T49*1,0)+IFERROR(AG49*1,0)+IFERROR(AT49*1,0)+IFERROR(BG49*1,0)+IFERROR(BT49*1,0)+IFERROR(CG49*1,0)+IFERROR(CT49*1,0)+IFERROR(DG49*1,0)+IFERROR(DT49*1,0)+IFERROR(EG49*1,0)+IFERROR(ET49*1,0)+IFERROR(FG49*1,0) -> 0 | FR49: =IFERROR(U49*1,0)+IFERROR(AH49*1,0)+IFERROR(AU49*1,0)+IFERROR(BH49*1,0)+IFERROR(BU49*1,0)+IFERROR(CH49*1,0)+IFERROR(CU49*1,0)+IFERROR(DH49*1,0)+IFERROR(DU49*1,0)+IFERROR(EH49*1,0)+IFERROR(EU49*1,0)+IFERROR(FH49*1,0) -> 0 | FS49: =IFERROR(V49*1,0)+IFERROR(AI49*1,0)+IFERROR(AV49*1,0)+IFERROR(BI49*1,0)+IFERROR(BV49*1,0)+IFERROR(CI49*1,0)+IFERROR(CV49*1,0)+IFERROR(DI49*1,0)+IFERROR(DV49*1,0)+IFERROR(EI49*1,0)+IFERROR(EV49*1,0)+IFERROR(FI49*1,0) -> 0 | FT49: =IFERROR(W49*1,0)+IFERROR(AJ49*1,0)+IFERROR(AW49*1,0)+IFERROR(BJ49*1,0)+IFERROR(BW49*1,0)+IFERROR(CJ49*1,0)+IFERROR(CW49*1,0)+IFERROR(DJ49*1,0)+IFERROR(DW49*1,0)+IFERROR(EJ49*1,0)+IFERROR(EW49*1,0)+IFERROR(FJ49*1,0) -> 0 | FU49: =IFERROR(X49*1,0)+IFERROR(AK49*1,0)+IFERROR(AX49*1,0)+IFERROR(BK49*1,0)+IFERROR(BX49*1,0)+IFERROR(CK49*1,0)+IFERROR(CX49*1,0)+IFERROR(DK49*1,0)+IFERROR(DX49*1,0)+IFERROR(EK49*1,0)+IFERROR(EX49*1,0)+IFERROR(FK49*1,0) -> 0 | FV49: =IFERROR(Y49*1,0)+IFERROR(AL49*1,0)+IFERROR(AY49*1,0)+IFERROR(BL49*1,0)+IFERROR(BY49*1,0)+IFERROR(CL49*1,0)+IFERROR(CY49*1,0)+IFERROR(DL49*1,0)+IFERROR(DY49*1,0)+IFERROR(EL49*1,0)+IFERROR(EY49*1,0)+IFERROR(FL49*1,0) -> 0 | FX49: =N49+IFERROR(FW49*1,0) -> 0
A50: =IF(C50<>"","DRG-"&TEXT(46,"000"),"") -> DRG-046 | B50: KAK | C50: KAK | D50: Brunche | E50: الرحاب | F50: Cairo | L50: 4 | M50: =IF(N50>=4,"✔ Completed","✘ Pending") -> ✘ Pending | N50: =(P50="✔")+(AC50="✔")+(AP50="✔")+(BC50="✔")+(BP50="✔")+(CC50="✔")+(CP50="✔")+(DC50="✔")+(DP50="✔")+(EC50="✔")+(EP50="✔")+(FC50="✔") -> 0 | FO50: =IFERROR(R50*1,0)+IFERROR(AE50*1,0)+IFERROR(AR50*1,0)+IFERROR(BE50*1,0)+IFERROR(BR50*1,0)+IFERROR(CE50*1,0)+IFERROR(CR50*1,0)+IFERROR(DE50*1,0)+IFERROR(DR50*1,0)+IFERROR(EE50*1,0)+IFERROR(ER50*1,0)+IFERROR(FE50*1,0) -> 0 | FP50: =IFERROR(S50*1,0)+IFERROR(AF50*1,0)+IFERROR(AS50*1,0)+IFERROR(BF50*1,0)+IFERROR(BS50*1,0)+IFERROR(CF50*1,0)+IFERROR(CS50*1,0)+IFERROR(DF50*1,0)+IFERROR(DS50*1,0)+IFERROR(EF50*1,0)+IFERROR(ES50*1,0)+IFERROR(FF50*1,0) -> 0 | FQ50: =IFERROR(T50*1,0)+IFERROR(AG50*1,0)+IFERROR(AT50*1,0)+IFERROR(BG50*1,0)+IFERROR(BT50*1,0)+IFERROR(CG50*1,0)+IFERROR(CT50*1,0)+IFERROR(DG50*1,0)+IFERROR(DT50*1,0)+IFERROR(EG50*1,0)+IFERROR(ET50*1,0)+IFERROR(FG50*1,0) -> 0 | FR50: =IFERROR(U50*1,0)+IFERROR(AH50*1,0)+IFERROR(AU50*1,0)+IFERROR(BH50*1,0)+IFERROR(BU50*1,0)+IFERROR(CH50*1,0)+IFERROR(CU50*1,0)+IFERROR(DH50*1,0)+IFERROR(DU50*1,0)+IFERROR(EH50*1,0)+IFERROR(EU50*1,0)+IFERROR(FH50*1,0) -> 0 | FS50: =IFERROR(V50*1,0)+IFERROR(AI50*1,0)+IFERROR(AV50*1,0)+IFERROR(BI50*1,0)+IFERROR(BV50*1,0)+IFERROR(CI50*1,0)+IFERROR(CV50*1,0)+IFERROR(DI50*1,0)+IFERROR(DV50*1,0)+IFERROR(EI50*1,0)+IFERROR(EV50*1,0)+IFERROR(FI50*1,0) -> 0 | FT50: =IFERROR(W50*1,0)+IFERROR(AJ50*1,0)+IFERROR(AW50*1,0)+IFERROR(BJ50*1,0)+IFERROR(BW50*1,0)+IFERROR(CJ50*1,0)+IFERROR(CW50*1,0)+IFERROR(DJ50*1,0)+IFERROR(DW50*1,0)+IFERROR(EJ50*1,0)+IFERROR(EW50*1,0)+IFERROR(FJ50*1,0) -> 0 | FU50: =IFERROR(X50*1,0)+IFERROR(AK50*1,0)+IFERROR(AX50*1,0)+IFERROR(BK50*1,0)+IFERROR(BX50*1,0)+IFERROR(CK50*1,0)+IFERROR(CX50*1,0)+IFERROR(DK50*1,0)+IFERROR(DX50*1,0)+IFERROR(EK50*1,0)+IFERROR(EX50*1,0)+IFERROR(FK50*1,0) -> 0 | FV50: =IFERROR(Y50*1,0)+IFERROR(AL50*1,0)+IFERROR(AY50*1,0)+IFERROR(BL50*1,0)+IFERROR(BY50*1,0)+IFERROR(CL50*1,0)+IFERROR(CY50*1,0)+IFERROR(DL50*1,0)+IFERROR(DY50*1,0)+IFERROR(EL50*1,0)+IFERROR(EY50*1,0)+IFERROR(FL50*1,0) -> 0 | FX50: =N50+IFERROR(FW50*1,0) -> 0
A51: =IF(C51<>"","DRG-"&TEXT(47,"000"),"") -> DRG-047 | B51: KAK | C51: KAK | D51: Brunche | E51: كفر عبده | F51: Alexandria | L51: 4 | M51: =IF(N51>=4,"✔ Completed","✘ Pending") -> ✘ Pending | N51: =(P51="✔")+(AC51="✔")+(AP51="✔")+(BC51="✔")+(BP51="✔")+(CC51="✔")+(CP51="✔")+(DC51="✔")+(DP51="✔")+(EC51="✔")+(EP51="✔")+(FC51="✔") -> 0 | FO51: =IFERROR(R51*1,0)+IFERROR(AE51*1,0)+IFERROR(AR51*1,0)+IFERROR(BE51*1,0)+IFERROR(BR51*1,0)+IFERROR(CE51*1,0)+IFERROR(CR51*1,0)+IFERROR(DE51*1,0)+IFERROR(DR51*1,0)+IFERROR(EE51*1,0)+IFERROR(ER51*1,0)+IFERROR(FE51*1,0) -> 0 | FP51: =IFERROR(S51*1,0)+IFERROR(AF51*1,0)+IFERROR(AS51*1,0)+IFERROR(BF51*1,0)+IFERROR(BS51*1,0)+IFERROR(CF51*1,0)+IFERROR(CS51*1,0)+IFERROR(DF51*1,0)+IFERROR(DS51*1,0)+IFERROR(EF51*1,0)+IFERROR(ES51*1,0)+IFERROR(FF51*1,0) -> 0 | FQ51: =IFERROR(T51*1,0)+IFERROR(AG51*1,0)+IFERROR(AT51*1,0)+IFERROR(BG51*1,0)+IFERROR(BT51*1,0)+IFERROR(CG51*1,0)+IFERROR(CT51*1,0)+IFERROR(DG51*1,0)+IFERROR(DT51*1,0)+IFERROR(EG51*1,0)+IFERROR(ET51*1,0)+IFERROR(FG51*1,0) -> 0 | FR51: =IFERROR(U51*1,0)+IFERROR(AH51*1,0)+IFERROR(AU51*1,0)+IFERROR(BH51*1,0)+IFERROR(BU51*1,0)+IFERROR(CH51*1,0)+IFERROR(CU51*1,0)+IFERROR(DH51*1,0)+IFERROR(DU51*1,0)+IFERROR(EH51*1,0)+IFERROR(EU51*1,0)+IFERROR(FH51*1,0) -> 0 | FS51: =IFERROR(V51*1,0)+IFERROR(AI51*1,0)+IFERROR(AV51*1,0)+IFERROR(BI51*1,0)+IFERROR(BV51*1,0)+IFERROR(CI51*1,0)+IFERROR(CV51*1,0)+IFERROR(DI51*1,0)+IFERROR(DV51*1,0)+IFERROR(EI51*1,0)+IFERROR(EV51*1,0)+IFERROR(FI51*1,0) -> 0 | FT51: =IFERROR(W51*1,0)+IFERROR(AJ51*1,0)+IFERROR(AW51*1,0)+IFERROR(BJ51*1,0)+IFERROR(BW51*1,0)+IFERROR(CJ51*1,0)+IFERROR(CW51*1,0)+IFERROR(DJ51*1,0)+IFERROR(DW51*1,0)+IFERROR(EJ51*1,0)+IFERROR(EW51*1,0)+IFERROR(FJ51*1,0) -> 0 | FU51: =IFERROR(X51*1,0)+IFERROR(AK51*1,0)+IFERROR(AX51*1,0)+IFERROR(BK51*1,0)+IFERROR(BX51*1,0)+IFERROR(CK51*1,0)+IFERROR(CX51*1,0)+IFERROR(DK51*1,0)+IFERROR(DX51*1,0)+IFERROR(EK51*1,0)+IFERROR(EX51*1,0)+IFERROR(FK51*1,0) -> 0 | FV51: =IFERROR(Y51*1,0)+IFERROR(AL51*1,0)+IFERROR(AY51*1,0)+IFERROR(BL51*1,0)+IFERROR(BY51*1,0)+IFERROR(CL51*1,0)+IFERROR(CY51*1,0)+IFERROR(DL51*1,0)+IFERROR(DY51*1,0)+IFERROR(EL51*1,0)+IFERROR(EY51*1,0)+IFERROR(FL51*1,0) -> 0 | FX51: =N51+IFERROR(FW51*1,0) -> 0
A52: =IF(C52<>"","DRG-"&TEXT(48,"000"),"") -> DRG-048 | B52: KAK | C52: RAR | D52: Brunche | E52: زايد | F52: Giza | L52: 4 | M52: =IF(N52>=4,"✔ Completed","✘ Pending") -> ✘ Pending | N52: =(P52="✔")+(AC52="✔")+(AP52="✔")+(BC52="✔")+(BP52="✔")+(CC52="✔")+(CP52="✔")+(DC52="✔")+(DP52="✔")+(EC52="✔")+(EP52="✔")+(FC52="✔") -> 0 | FO52: =IFERROR(R52*1,0)+IFERROR(AE52*1,0)+IFERROR(AR52*1,0)+IFERROR(BE52*1,0)+IFERROR(BR52*1,0)+IFERROR(CE52*1,0)+IFERROR(CR52*1,0)+IFERROR(DE52*1,0)+IFERROR(DR52*1,0)+IFERROR(EE52*1,0)+IFERROR(ER52*1,0)+IFERROR(FE52*1,0) -> 0 | FP52: =IFERROR(S52*1,0)+IFERROR(AF52*1,0)+IFERROR(AS52*1,0)+IFERROR(BF52*1,0)+IFERROR(BS52*1,0)+IFERROR(CF52*1,0)+IFERROR(CS52*1,0)+IFERROR(DF52*1,0)+IFERROR(DS52*1,0)+IFERROR(EF52*1,0)+IFERROR(ES52*1,0)+IFERROR(FF52*1,0) -> 0 | FQ52: =IFERROR(T52*1,0)+IFERROR(AG52*1,0)+IFERROR(AT52*1,0)+IFERROR(BG52*1,0)+IFERROR(BT52*1,0)+IFERROR(CG52*1,0)+IFERROR(CT52*1,0)+IFERROR(DG52*1,0)+IFERROR(DT52*1,0)+IFERROR(EG52*1,0)+IFERROR(ET52*1,0)+IFERROR(FG52*1,0) -> 0 | FR52: =IFERROR(U52*1,0)+IFERROR(AH52*1,0)+IFERROR(AU52*1,0)+IFERROR(BH52*1,0)+IFERROR(BU52*1,0)+IFERROR(CH52*1,0)+IFERROR(CU52*1,0)+IFERROR(DH52*1,0)+IFERROR(DU52*1,0)+IFERROR(EH52*1,0)+IFERROR(EU52*1,0)+IFERROR(FH52*1,0) -> 0 | FS52: =IFERROR(V52*1,0)+IFERROR(AI52*1,0)+IFERROR(AV52*1,0)+IFERROR(BI52*1,0)+IFERROR(BV52*1,0)+IFERROR(CI52*1,0)+IFERROR(CV52*1,0)+IFERROR(DI52*1,0)+IFERROR(DV52*1,0)+IFERROR(EI52*1,0)+IFERROR(EV52*1,0)+IFERROR(FI52*1,0) -> 0 | FT52: =IFERROR(W52*1,0)+IFERROR(AJ52*1,0)+IFERROR(AW52*1,0)+IFERROR(BJ52*1,0)+IFERROR(BW52*1,0)+IFERROR(CJ52*1,0)+IFERROR(CW52*1,0)+IFERROR(DJ52*1,0)+IFERROR(DW52*1,0)+IFERROR(EJ52*1,0)+IFERROR(EW52*1,0)+IFERROR(FJ52*1,0) -> 0 | FU52: =IFERROR(X52*1,0)+IFERROR(AK52*1,0)+IFERROR(AX52*1,0)+IFERROR(BK52*1,0)+IFERROR(BX52*1,0)+IFERROR(CK52*1,0)+IFERROR(CX52*1,0)+IFERROR(DK52*1,0)+IFERROR(DX52*1,0)+IFERROR(EK52*1,0)+IFERROR(EX52*1,0)+IFERROR(FK52*1,0) -> 0 | FV52: =IFERROR(Y52*1,0)+IFERROR(AL52*1,0)+IFERROR(AY52*1,0)+IFERROR(BL52*1,0)+IFERROR(BY52*1,0)+IFERROR(CL52*1,0)+IFERROR(CY52*1,0)+IFERROR(DL52*1,0)+IFERROR(DY52*1,0)+IFERROR(EL52*1,0)+IFERROR(EY52*1,0)+IFERROR(FL52*1,0) -> 0 | FX52: =N52+IFERROR(FW52*1,0) -> 0
A53: =IF(C53<>"","DRG-"&TEXT(49,"000"),"") -> DRG-049 | B53: KAK | C53: KAK | D53: Brunche | E53: فؤاد | F53: Alexandria | L53: 4 | M53: =IF(N53>=4,"✔ Completed","✘ Pending") -> ✘ Pending | N53: =(P53="✔")+(AC53="✔")+(AP53="✔")+(BC53="✔")+(BP53="✔")+(CC53="✔")+(CP53="✔")+(DC53="✔")+(DP53="✔")+(EC53="✔")+(EP53="✔")+(FC53="✔") -> 0 | FO53: =IFERROR(R53*1,0)+IFERROR(AE53*1,0)+IFERROR(AR53*1,0)+IFERROR(BE53*1,0)+IFERROR(BR53*1,0)+IFERROR(CE53*1,0)+IFERROR(CR53*1,0)+IFERROR(DE53*1,0)+IFERROR(DR53*1,0)+IFERROR(EE53*1,0)+IFERROR(ER53*1,0)+IFERROR(FE53*1,0) -> 0 | FP53: =IFERROR(S53*1,0)+IFERROR(AF53*1,0)+IFERROR(AS53*1,0)+IFERROR(BF53*1,0)+IFERROR(BS53*1,0)+IFERROR(CF53*1,0)+IFERROR(CS53*1,0)+IFERROR(DF53*1,0)+IFERROR(DS53*1,0)+IFERROR(EF53*1,0)+IFERROR(ES53*1,0)+IFERROR(FF53*1,0) -> 0 | FQ53: =IFERROR(T53*1,0)+IFERROR(AG53*1,0)+IFERROR(AT53*1,0)+IFERROR(BG53*1,0)+IFERROR(BT53*1,0)+IFERROR(CG53*1,0)+IFERROR(CT53*1,0)+IFERROR(DG53*1,0)+IFERROR(DT53*1,0)+IFERROR(EG53*1,0)+IFERROR(ET53*1,0)+IFERROR(FG53*1,0) -> 0 | FR53: =IFERROR(U53*1,0)+IFERROR(AH53*1,0)+IFERROR(AU53*1,0)+IFERROR(BH53*1,0)+IFERROR(BU53*1,0)+IFERROR(CH53*1,0)+IFERROR(CU53*1,0)+IFERROR(DH53*1,0)+IFERROR(DU53*1,0)+IFERROR(EH53*1,0)+IFERROR(EU53*1,0)+IFERROR(FH53*1,0) -> 0 | FS53: =IFERROR(V53*1,0)+IFERROR(AI53*1,0)+IFERROR(AV53*1,0)+IFERROR(BI53*1,0)+IFERROR(BV53*1,0)+IFERROR(CI53*1,0)+IFERROR(CV53*1,0)+IFERROR(DI53*1,0)+IFERROR(DV53*1,0)+IFERROR(EI53*1,0)+IFERROR(EV53*1,0)+IFERROR(FI53*1,0) -> 0 | FT53: =IFERROR(W53*1,0)+IFERROR(AJ53*1,0)+IFERROR(AW53*1,0)+IFERROR(BJ53*1,0)+IFERROR(BW53*1,0)+IFERROR(CJ53*1,0)+IFERROR(CW53*1,0)+IFERROR(DJ53*1,0)+IFERROR(DW53*1,0)+IFERROR(EJ53*1,0)+IFERROR(EW53*1,0)+IFERROR(FJ53*1,0) -> 0 | FU53: =IFERROR(X53*1,0)+IFERROR(AK53*1,0)+IFERROR(AX53*1,0)+IFERROR(BK53*1,0)+IFERROR(BX53*1,0)+IFERROR(CK53*1,0)+IFERROR(CX53*1,0)+IFERROR(DK53*1,0)+IFERROR(DX53*1,0)+IFERROR(EK53*1,0)+IFERROR(EX53*1,0)+IFERROR(FK53*1,0) -> 0 | FV53: =IFERROR(Y53*1,0)+IFERROR(AL53*1,0)+IFERROR(AY53*1,0)+IFERROR(BL53*1,0)+IFERROR(BY53*1,0)+IFERROR(CL53*1,0)+IFERROR(CY53*1,0)+IFERROR(DL53*1,0)+IFERROR(DY53*1,0)+IFERROR(EL53*1,0)+IFERROR(EY53*1,0)+IFERROR(FL53*1,0) -> 0 | FX53: =N53+IFERROR(FW53*1,0) -> 0
A54: =IF(C54<>"","DRG-"&TEXT(50,"000"),"") -> DRG-050 | B54: PFG | C54: Aayadena | D54: Brunche | E54: مدينتي | F54: Cairo | L54: 4 | M54: =IF(N54>=4,"✔ Completed","✘ Pending") -> ✘ Pending | N54: =(P54="✔")+(AC54="✔")+(AP54="✔")+(BC54="✔")+(BP54="✔")+(CC54="✔")+(CP54="✔")+(DC54="✔")+(DP54="✔")+(EC54="✔")+(EP54="✔")+(FC54="✔") -> 0 | FO54: =IFERROR(R54*1,0)+IFERROR(AE54*1,0)+IFERROR(AR54*1,0)+IFERROR(BE54*1,0)+IFERROR(BR54*1,0)+IFERROR(CE54*1,0)+IFERROR(CR54*1,0)+IFERROR(DE54*1,0)+IFERROR(DR54*1,0)+IFERROR(EE54*1,0)+IFERROR(ER54*1,0)+IFERROR(FE54*1,0) -> 0 | FP54: =IFERROR(S54*1,0)+IFERROR(AF54*1,0)+IFERROR(AS54*1,0)+IFERROR(BF54*1,0)+IFERROR(BS54*1,0)+IFERROR(CF54*1,0)+IFERROR(CS54*1,0)+IFERROR(DF54*1,0)+IFERROR(DS54*1,0)+IFERROR(EF54*1,0)+IFERROR(ES54*1,0)+IFERROR(FF54*1,0) -> 0 | FQ54: =IFERROR(T54*1,0)+IFERROR(AG54*1,0)+IFERROR(AT54*1,0)+IFERROR(BG54*1,0)+IFERROR(BT54*1,0)+IFERROR(CG54*1,0)+IFERROR(CT54*1,0)+IFERROR(DG54*1,0)+IFERROR(DT54*1,0)+IFERROR(EG54*1,0)+IFERROR(ET54*1,0)+IFERROR(FG54*1,0) -> 0 | FR54: =IFERROR(U54*1,0)+IFERROR(AH54*1,0)+IFERROR(AU54*1,0)+IFERROR(BH54*1,0)+IFERROR(BU54*1,0)+IFERROR(CH54*1,0)+IFERROR(CU54*1,0)+IFERROR(DH54*1,0)+IFERROR(DU54*1,0)+IFERROR(EH54*1,0)+IFERROR(EU54*1,0)+IFERROR(FH54*1,0) -> 0 | FS54: =IFERROR(V54*1,0)+IFERROR(AI54*1,0)+IFERROR(AV54*1,0)+IFERROR(BI54*1,0)+IFERROR(BV54*1,0)+IFERROR(CI54*1,0)+IFERROR(CV54*1,0)+IFERROR(DI54*1,0)+IFERROR(DV54*1,0)+IFERROR(EI54*1,0)+IFERROR(EV54*1,0)+IFERROR(FI54*1,0) -> 0 | FT54: =IFERROR(W54*1,0)+IFERROR(AJ54*1,0)+IFERROR(AW54*1,0)+IFERROR(BJ54*1,0)+IFERROR(BW54*1,0)+IFERROR(CJ54*1,0)+IFERROR(CW54*1,0)+IFERROR(DJ54*1,0)+IFERROR(DW54*1,0)+IFERROR(EJ54*1,0)+IFERROR(EW54*1,0)+IFERROR(FJ54*1,0) -> 0 | FU54: =IFERROR(X54*1,0)+IFERROR(AK54*1,0)+IFERROR(AX54*1,0)+IFERROR(BK54*1,0)+IFERROR(BX54*1,0)+IFERROR(CK54*1,0)+IFERROR(CX54*1,0)+IFERROR(DK54*1,0)+IFERROR(DX54*1,0)+IFERROR(EK54*1,0)+IFERROR(EX54*1,0)+IFERROR(FK54*1,0) -> 0 | FV54: =IFERROR(Y54*1,0)+IFERROR(AL54*1,0)+IFERROR(AY54*1,0)+IFERROR(BL54*1,0)+IFERROR(BY54*1,0)+IFERROR(CL54*1,0)+IFERROR(CY54*1,0)+IFERROR(DL54*1,0)+IFERROR(DY54*1,0)+IFERROR(EL54*1,0)+IFERROR(EY54*1,0)+IFERROR(FL54*1,0) -> 0 | FX54: =N54+IFERROR(FW54*1,0) -> 0
A55: =IF(C55<>"","DRG-"&TEXT(51,"000"),"") -> DRG-051 | B55: PFG | C55: Aayadena | D55: Brunche | E55: كوف | F55: Cairo | L55: 4 | M55: =IF(N55>=4,"✔ Completed","✘ Pending") -> ✘ Pending | N55: =(P55="✔")+(AC55="✔")+(AP55="✔")+(BC55="✔")+(BP55="✔")+(CC55="✔")+(CP55="✔")+(DC55="✔")+(DP55="✔")+(EC55="✔")+(EP55="✔")+(FC55="✔") -> 0 | FO55: =IFERROR(R55*1,0)+IFERROR(AE55*1,0)+IFERROR(AR55*1,0)+IFERROR(BE55*1,0)+IFERROR(BR55*1,0)+IFERROR(CE55*1,0)+IFERROR(CR55*1,0)+IFERROR(DE55*1,0)+IFERROR(DR55*1,0)+IFERROR(EE55*1,0)+IFERROR(ER55*1,0)+IFERROR(FE55*1,0) -> 0 | FP55: =IFERROR(S55*1,0)+IFERROR(AF55*1,0)+IFERROR(AS55*1,0)+IFERROR(BF55*1,0)+IFERROR(BS55*1,0)+IFERROR(CF55*1,0)+IFERROR(CS55*1,0)+IFERROR(DF55*1,0)+IFERROR(DS55*1,0)+IFERROR(EF55*1,0)+IFERROR(ES55*1,0)+IFERROR(FF55*1,0) -> 0 | FQ55: =IFERROR(T55*1,0)+IFERROR(AG55*1,0)+IFERROR(AT55*1,0)+IFERROR(BG55*1,0)+IFERROR(BT55*1,0)+IFERROR(CG55*1,0)+IFERROR(CT55*1,0)+IFERROR(DG55*1,0)+IFERROR(DT55*1,0)+IFERROR(EG55*1,0)+IFERROR(ET55*1,0)+IFERROR(FG55*1,0) -> 0 | FR55: =IFERROR(U55*1,0)+IFERROR(AH55*1,0)+IFERROR(AU55*1,0)+IFERROR(BH55*1,0)+IFERROR(BU55*1,0)+IFERROR(CH55*1,0)+IFERROR(CU55*1,0)+IFERROR(DH55*1,0)+IFERROR(DU55*1,0)+IFERROR(EH55*1,0)+IFERROR(EU55*1,0)+IFERROR(FH55*1,0) -> 0 | FS55: =IFERROR(V55*1,0)+IFERROR(AI55*1,0)+IFERROR(AV55*1,0)+IFERROR(BI55*1,0)+IFERROR(BV55*1,0)+IFERROR(CI55*1,0)+IFERROR(CV55*1,0)+IFERROR(DI55*1,0)+IFERROR(DV55*1,0)+IFERROR(EI55*1,0)+IFERROR(EV55*1,0)+IFERROR(FI55*1,0) -> 0 | FT55: =IFERROR(W55*1,0)+IFERROR(AJ55*1,0)+IFERROR(AW55*1,0)+IFERROR(BJ55*1,0)+IFERROR(BW55*1,0)+IFERROR(CJ55*1,0)+IFERROR(CW55*1,0)+IFERROR(DJ55*1,0)+IFERROR(DW55*1,0)+IFERROR(EJ55*1,0)+IFERROR(EW55*1,0)+IFERROR(FJ55*1,0) -> 0 | FU55: =IFERROR(X55*1,0)+IFERROR(AK55*1,0)+IFERROR(AX55*1,0)+IFERROR(BK55*1,0)+IFERROR(BX55*1,0)+IFERROR(CK55*1,0)+IFERROR(CX55*1,0)+IFERROR(DK55*1,0)+IFERROR(DX55*1,0)+IFERROR(EK55*1,0)+IFERROR(EX55*1,0)+IFERROR(FK55*1,0) -> 0 | FV55: =IFERROR(Y55*1,0)+IFERROR(AL55*1,0)+IFERROR(AY55*1,0)+IFERROR(BL55*1,0)+IFERROR(BY55*1,0)+IFERROR(CL55*1,0)+IFERROR(CY55*1,0)+IFERROR(DL55*1,0)+IFERROR(DY55*1,0)+IFERROR(EL55*1,0)+IFERROR(EY55*1,0)+IFERROR(FL55*1,0) -> 0 | FX55: =N55+IFERROR(FW55*1,0) -> 0
A56: =IF(C56<>"","DRG-"&TEXT(52,"000"),"") -> DRG-052 | B56: PFG | C56: Aayadena | D56: Brunche | E56: مول العرب | F56: Giza | L56: 4 | M56: =IF(N56>=4,"✔ Completed","✘ Pending") -> ✘ Pending | N56: =(P56="✔")+(AC56="✔")+(AP56="✔")+(BC56="✔")+(BP56="✔")+(CC56="✔")+(CP56="✔")+(DC56="✔")+(DP56="✔")+(EC56="✔")+(EP56="✔")+(FC56="✔") -> 0 | FO56: =IFERROR(R56*1,0)+IFERROR(AE56*1,0)+IFERROR(AR56*1,0)+IFERROR(BE56*1,0)+IFERROR(BR56*1,0)+IFERROR(CE56*1,0)+IFERROR(CR56*1,0)+IFERROR(DE56*1,0)+IFERROR(DR56*1,0)+IFERROR(EE56*1,0)+IFERROR(ER56*1,0)+IFERROR(FE56*1,0) -> 0 | FP56: =IFERROR(S56*1,0)+IFERROR(AF56*1,0)+IFERROR(AS56*1,0)+IFERROR(BF56*1,0)+IFERROR(BS56*1,0)+IFERROR(CF56*1,0)+IFERROR(CS56*1,0)+IFERROR(DF56*1,0)+IFERROR(DS56*1,0)+IFERROR(EF56*1,0)+IFERROR(ES56*1,0)+IFERROR(FF56*1,0) -> 0 | FQ56: =IFERROR(T56*1,0)+IFERROR(AG56*1,0)+IFERROR(AT56*1,0)+IFERROR(BG56*1,0)+IFERROR(BT56*1,0)+IFERROR(CG56*1,0)+IFERROR(CT56*1,0)+IFERROR(DG56*1,0)+IFERROR(DT56*1,0)+IFERROR(EG56*1,0)+IFERROR(ET56*1,0)+IFERROR(FG56*1,0) -> 0 | FR56: =IFERROR(U56*1,0)+IFERROR(AH56*1,0)+IFERROR(AU56*1,0)+IFERROR(BH56*1,0)+IFERROR(BU56*1,0)+IFERROR(CH56*1,0)+IFERROR(CU56*1,0)+IFERROR(DH56*1,0)+IFERROR(DU56*1,0)+IFERROR(EH56*1,0)+IFERROR(EU56*1,0)+IFERROR(FH56*1,0) -> 0 | FS56: =IFERROR(V56*1,0)+IFERROR(AI56*1,0)+IFERROR(AV56*1,0)+IFERROR(BI56*1,0)+IFERROR(BV56*1,0)+IFERROR(CI56*1,0)+IFERROR(CV56*1,0)+IFERROR(DI56*1,0)+IFERROR(DV56*1,0)+IFERROR(EI56*1,0)+IFERROR(EV56*1,0)+IFERROR(FI56*1,0) -> 0 | FT56: =IFERROR(W56*1,0)+IFERROR(AJ56*1,0)+IFERROR(AW56*1,0)+IFERROR(BJ56*1,0)+IFERROR(BW56*1,0)+IFERROR(CJ56*1,0)+IFERROR(CW56*1,0)+IFERROR(DJ56*1,0)+IFERROR(DW56*1,0)+IFERROR(EJ56*1,0)+IFERROR(EW56*1,0)+IFERROR(FJ56*1,0) -> 0 | FU56: =IFERROR(X56*1,0)+IFERROR(AK56*1,0)+IFERROR(AX56*1,0)+IFERROR(BK56*1,0)+IFERROR(BX56*1,0)+IFERROR(CK56*1,0)+IFERROR(CX56*1,0)+IFERROR(DK56*1,0)+IFERROR(DX56*1,0)+IFERROR(EK56*1,0)+IFERROR(EX56*1,0)+IFERROR(FK56*1,0) -> 0 | FV56: =IFERROR(Y56*1,0)+IFERROR(AL56*1,0)+IFERROR(AY56*1,0)+IFERROR(BL56*1,0)+IFERROR(BY56*1,0)+IFERROR(CL56*1,0)+IFERROR(CY56*1,0)+IFERROR(DL56*1,0)+IFERROR(DY56*1,0)+IFERROR(EL56*1,0)+IFERROR(EY56*1,0)+IFERROR(FL56*1,0) -> 0 | FX56: =N56+IFERROR(FW56*1,0) -> 0
A57: =IF(C57<>"","DRG-"&TEXT(53,"000"),"") -> DRG-053 | B57: PFG | C57: Aayadena | D57: Brunche | E57: الكربة | F57: Cairo | L57: 4 | M57: =IF(N57>=4,"✔ Completed","✘ Pending") -> ✘ Pending | N57: =(P57="✔")+(AC57="✔")+(AP57="✔")+(BC57="✔")+(BP57="✔")+(CC57="✔")+(CP57="✔")+(DC57="✔")+(DP57="✔")+(EC57="✔")+(EP57="✔")+(FC57="✔") -> 0 | FO57: =IFERROR(R57*1,0)+IFERROR(AE57*1,0)+IFERROR(AR57*1,0)+IFERROR(BE57*1,0)+IFERROR(BR57*1,0)+IFERROR(CE57*1,0)+IFERROR(CR57*1,0)+IFERROR(DE57*1,0)+IFERROR(DR57*1,0)+IFERROR(EE57*1,0)+IFERROR(ER57*1,0)+IFERROR(FE57*1,0) -> 0 | FP57: =IFERROR(S57*1,0)+IFERROR(AF57*1,0)+IFERROR(AS57*1,0)+IFERROR(BF57*1,0)+IFERROR(BS57*1,0)+IFERROR(CF57*1,0)+IFERROR(CS57*1,0)+IFERROR(DF57*1,0)+IFERROR(DS57*1,0)+IFERROR(EF57*1,0)+IFERROR(ES57*1,0)+IFERROR(FF57*1,0) -> 0 | FQ57: =IFERROR(T57*1,0)+IFERROR(AG57*1,0)+IFERROR(AT57*1,0)+IFERROR(BG57*1,0)+IFERROR(BT57*1,0)+IFERROR(CG57*1,0)+IFERROR(CT57*1,0)+IFERROR(DG57*1,0)+IFERROR(DT57*1,0)+IFERROR(EG57*1,0)+IFERROR(ET57*1,0)+IFERROR(FG57*1,0) -> 0 | FR57: =IFERROR(U57*1,0)+IFERROR(AH57*1,0)+IFERROR(AU57*1,0)+IFERROR(BH57*1,0)+IFERROR(BU57*1,0)+IFERROR(CH57*1,0)+IFERROR(CU57*1,0)+IFERROR(DH57*1,0)+IFERROR(DU57*1,0)+IFERROR(EH57*1,0)+IFERROR(EU57*1,0)+IFERROR(FH57*1,0) -> 0 | FS57: =IFERROR(V57*1,0)+IFERROR(AI57*1,0)+IFERROR(AV57*1,0)+IFERROR(BI57*1,0)+IFERROR(BV57*1,0)+IFERROR(CI57*1,0)+IFERROR(CV57*1,0)+IFERROR(DI57*1,0)+IFERROR(DV57*1,0)+IFERROR(EI57*1,0)+IFERROR(EV57*1,0)+IFERROR(FI57*1,0) -> 0 | FT57: =IFERROR(W57*1,0)+IFERROR(AJ57*1,0)+IFERROR(AW57*1,0)+IFERROR(BJ57*1,0)+IFERROR(BW57*1,0)+IFERROR(CJ57*1,0)+IFERROR(CW57*1,0)+IFERROR(DJ57*1,0)+IFERROR(DW57*1,0)+IFERROR(EJ57*1,0)+IFERROR(EW57*1,0)+IFERROR(FJ57*1,0) -> 0 | FU57: =IFERROR(X57*1,0)+IFERROR(AK57*1,0)+IFERROR(AX57*1,0)+IFERROR(BK57*1,0)+IFERROR(BX57*1,0)+IFERROR(CK57*1,0)+IFERROR(CX57*1,0)+IFERROR(DK57*1,0)+IFERROR(DX57*1,0)+IFERROR(EK57*1,0)+IFERROR(EX57*1,0)+IFERROR(FK57*1,0) -> 0 | FV57: =IFERROR(Y57*1,0)+IFERROR(AL57*1,0)+IFERROR(AY57*1,0)+IFERROR(BL57*1,0)+IFERROR(BY57*1,0)+IFERROR(CL57*1,0)+IFERROR(CY57*1,0)+IFERROR(DL57*1,0)+IFERROR(DY57*1,0)+IFERROR(EL57*1,0)+IFERROR(EY57*1,0)+IFERROR(FL57*1,0) -> 0 | FX57: =N57+IFERROR(FW57*1,0) -> 0
A58: =IF(C58<>"","DRG-"&TEXT(54,"000"),"") -> DRG-054 | B58: PFG | C58: Aayadena | D58: Brunche | E58: سيتي ستارز | F58: Cairo | L58: 4 | M58: =IF(N58>=4,"✔ Completed","✘ Pending") -> ✘ Pending | N58: =(P58="✔")+(AC58="✔")+(AP58="✔")+(BC58="✔")+(BP58="✔")+(CC58="✔")+(CP58="✔")+(DC58="✔")+(DP58="✔")+(EC58="✔")+(EP58="✔")+(FC58="✔") -> 0 | FO58: =IFERROR(R58*1,0)+IFERROR(AE58*1,0)+IFERROR(AR58*1,0)+IFERROR(BE58*1,0)+IFERROR(BR58*1,0)+IFERROR(CE58*1,0)+IFERROR(CR58*1,0)+IFERROR(DE58*1,0)+IFERROR(DR58*1,0)+IFERROR(EE58*1,0)+IFERROR(ER58*1,0)+IFERROR(FE58*1,0) -> 0 | FP58: =IFERROR(S58*1,0)+IFERROR(AF58*1,0)+IFERROR(AS58*1,0)+IFERROR(BF58*1,0)+IFERROR(BS58*1,0)+IFERROR(CF58*1,0)+IFERROR(CS58*1,0)+IFERROR(DF58*1,0)+IFERROR(DS58*1,0)+IFERROR(EF58*1,0)+IFERROR(ES58*1,0)+IFERROR(FF58*1,0) -> 0 | FQ58: =IFERROR(T58*1,0)+IFERROR(AG58*1,0)+IFERROR(AT58*1,0)+IFERROR(BG58*1,0)+IFERROR(BT58*1,0)+IFERROR(CG58*1,0)+IFERROR(CT58*1,0)+IFERROR(DG58*1,0)+IFERROR(DT58*1,0)+IFERROR(EG58*1,0)+IFERROR(ET58*1,0)+IFERROR(FG58*1,0) -> 0 | FR58: =IFERROR(U58*1,0)+IFERROR(AH58*1,0)+IFERROR(AU58*1,0)+IFERROR(BH58*1,0)+IFERROR(BU58*1,0)+IFERROR(CH58*1,0)+IFERROR(CU58*1,0)+IFERROR(DH58*1,0)+IFERROR(DU58*1,0)+IFERROR(EH58*1,0)+IFERROR(EU58*1,0)+IFERROR(FH58*1,0) -> 0 | FS58: =IFERROR(V58*1,0)+IFERROR(AI58*1,0)+IFERROR(AV58*1,0)+IFERROR(BI58*1,0)+IFERROR(BV58*1,0)+IFERROR(CI58*1,0)+IFERROR(CV58*1,0)+IFERROR(DI58*1,0)+IFERROR(DV58*1,0)+IFERROR(EI58*1,0)+IFERROR(EV58*1,0)+IFERROR(FI58*1,0) -> 0 | FT58: =IFERROR(W58*1,0)+IFERROR(AJ58*1,0)+IFERROR(AW58*1,0)+IFERROR(BJ58*1,0)+IFERROR(BW58*1,0)+IFERROR(CJ58*1,0)+IFERROR(CW58*1,0)+IFERROR(DJ58*1,0)+IFERROR(DW58*1,0)+IFERROR(EJ58*1,0)+IFERROR(EW58*1,0)+IFERROR(FJ58*1,0) -> 0 | FU58: =IFERROR(X58*1,0)+IFERROR(AK58*1,0)+IFERROR(AX58*1,0)+IFERROR(BK58*1,0)+IFERROR(BX58*1,0)+IFERROR(CK58*1,0)+IFERROR(CX58*1,0)+IFERROR(DK58*1,0)+IFERROR(DX58*1,0)+IFERROR(EK58*1,0)+IFERROR(EX58*1,0)+IFERROR(FK58*1,0) -> 0 | FV58: =IFERROR(Y58*1,0)+IFERROR(AL58*1,0)+IFERROR(AY58*1,0)+IFERROR(BL58*1,0)+IFERROR(BY58*1,0)+IFERROR(CL58*1,0)+IFERROR(CY58*1,0)+IFERROR(DL58*1,0)+IFERROR(DY58*1,0)+IFERROR(EL58*1,0)+IFERROR(EY58*1,0)+IFERROR(FL58*1,0) -> 0 | FX58: =N58+IFERROR(FW58*1,0) -> 0
A59: =IF(C59<>"","DRG-"&TEXT(55,"000"),"") -> DRG-055 | B59: PFG | C59: Blaze | D59: Brunche | E59: مول العرب | F59: Giza | L59: 4 | M59: =IF(N59>=4,"✔ Completed","✘ Pending") -> ✘ Pending | N59: =(P59="✔")+(AC59="✔")+(AP59="✔")+(BC59="✔")+(BP59="✔")+(CC59="✔")+(CP59="✔")+(DC59="✔")+(DP59="✔")+(EC59="✔")+(EP59="✔")+(FC59="✔") -> 0 | FO59: =IFERROR(R59*1,0)+IFERROR(AE59*1,0)+IFERROR(AR59*1,0)+IFERROR(BE59*1,0)+IFERROR(BR59*1,0)+IFERROR(CE59*1,0)+IFERROR(CR59*1,0)+IFERROR(DE59*1,0)+IFERROR(DR59*1,0)+IFERROR(EE59*1,0)+IFERROR(ER59*1,0)+IFERROR(FE59*1,0) -> 0 | FP59: =IFERROR(S59*1,0)+IFERROR(AF59*1,0)+IFERROR(AS59*1,0)+IFERROR(BF59*1,0)+IFERROR(BS59*1,0)+IFERROR(CF59*1,0)+IFERROR(CS59*1,0)+IFERROR(DF59*1,0)+IFERROR(DS59*1,0)+IFERROR(EF59*1,0)+IFERROR(ES59*1,0)+IFERROR(FF59*1,0) -> 0 | FQ59: =IFERROR(T59*1,0)+IFERROR(AG59*1,0)+IFERROR(AT59*1,0)+IFERROR(BG59*1,0)+IFERROR(BT59*1,0)+IFERROR(CG59*1,0)+IFERROR(CT59*1,0)+IFERROR(DG59*1,0)+IFERROR(DT59*1,0)+IFERROR(EG59*1,0)+IFERROR(ET59*1,0)+IFERROR(FG59*1,0) -> 0 | FR59: =IFERROR(U59*1,0)+IFERROR(AH59*1,0)+IFERROR(AU59*1,0)+IFERROR(BH59*1,0)+IFERROR(BU59*1,0)+IFERROR(CH59*1,0)+IFERROR(CU59*1,0)+IFERROR(DH59*1,0)+IFERROR(DU59*1,0)+IFERROR(EH59*1,0)+IFERROR(EU59*1,0)+IFERROR(FH59*1,0) -> 0 | FS59: =IFERROR(V59*1,0)+IFERROR(AI59*1,0)+IFERROR(AV59*1,0)+IFERROR(BI59*1,0)+IFERROR(BV59*1,0)+IFERROR(CI59*1,0)+IFERROR(CV59*1,0)+IFERROR(DI59*1,0)+IFERROR(DV59*1,0)+IFERROR(EI59*1,0)+IFERROR(EV59*1,0)+IFERROR(FI59*1,0) -> 0 | FT59: =IFERROR(W59*1,0)+IFERROR(AJ59*1,0)+IFERROR(AW59*1,0)+IFERROR(BJ59*1,0)+IFERROR(BW59*1,0)+IFERROR(CJ59*1,0)+IFERROR(CW59*1,0)+IFERROR(DJ59*1,0)+IFERROR(DW59*1,0)+IFERROR(EJ59*1,0)+IFERROR(EW59*1,0)+IFERROR(FJ59*1,0) -> 0 | FU59: =IFERROR(X59*1,0)+IFERROR(AK59*1,0)+IFERROR(AX59*1,0)+IFERROR(BK59*1,0)+IFERROR(BX59*1,0)+IFERROR(CK59*1,0)+IFERROR(CX59*1,0)+IFERROR(DK59*1,0)+IFERROR(DX59*1,0)+IFERROR(EK59*1,0)+IFERROR(EX59*1,0)+IFERROR(FK59*1,0) -> 0 | FV59: =IFERROR(Y59*1,0)+IFERROR(AL59*1,0)+IFERROR(AY59*1,0)+IFERROR(BL59*1,0)+IFERROR(BY59*1,0)+IFERROR(CL59*1,0)+IFERROR(CY59*1,0)+IFERROR(DL59*1,0)+IFERROR(DY59*1,0)+IFERROR(EL59*1,0)+IFERROR(EY59*1,0)+IFERROR(FL59*1,0) -> 0 | FX59: =N59+IFERROR(FW59*1,0) -> 0
A60: =IF(C60<>"","DRG-"&TEXT(56,"000"),"") -> DRG-056 | B60: PFG | C60: Blaze | D60: Brunche | E60: النزهه | F60: Cairo | L60: 4 | M60: =IF(N60>=4,"✔ Completed","✘ Pending") -> ✘ Pending | N60: =(P60="✔")+(AC60="✔")+(AP60="✔")+(BC60="✔")+(BP60="✔")+(CC60="✔")+(CP60="✔")+(DC60="✔")+(DP60="✔")+(EC60="✔")+(EP60="✔")+(FC60="✔") -> 0 | FO60: =IFERROR(R60*1,0)+IFERROR(AE60*1,0)+IFERROR(AR60*1,0)+IFERROR(BE60*1,0)+IFERROR(BR60*1,0)+IFERROR(CE60*1,0)+IFERROR(CR60*1,0)+IFERROR(DE60*1,0)+IFERROR(DR60*1,0)+IFERROR(EE60*1,0)+IFERROR(ER60*1,0)+IFERROR(FE60*1,0) -> 0 | FP60: =IFERROR(S60*1,0)+IFERROR(AF60*1,0)+IFERROR(AS60*1,0)+IFERROR(BF60*1,0)+IFERROR(BS60*1,0)+IFERROR(CF60*1,0)+IFERROR(CS60*1,0)+IFERROR(DF60*1,0)+IFERROR(DS60*1,0)+IFERROR(EF60*1,0)+IFERROR(ES60*1,0)+IFERROR(FF60*1,0) -> 0 | FQ60: =IFERROR(T60*1,0)+IFERROR(AG60*1,0)+IFERROR(AT60*1,0)+IFERROR(BG60*1,0)+IFERROR(BT60*1,0)+IFERROR(CG60*1,0)+IFERROR(CT60*1,0)+IFERROR(DG60*1,0)+IFERROR(DT60*1,0)+IFERROR(EG60*1,0)+IFERROR(ET60*1,0)+IFERROR(FG60*1,0) -> 0 | FR60: =IFERROR(U60*1,0)+IFERROR(AH60*1,0)+IFERROR(AU60*1,0)+IFERROR(BH60*1,0)+IFERROR(BU60*1,0)+IFERROR(CH60*1,0)+IFERROR(CU60*1,0)+IFERROR(DH60*1,0)+IFERROR(DU60*1,0)+IFERROR(EH60*1,0)+IFERROR(EU60*1,0)+IFERROR(FH60*1,0) -> 0 | FS60: =IFERROR(V60*1,0)+IFERROR(AI60*1,0)+IFERROR(AV60*1,0)+IFERROR(BI60*1,0)+IFERROR(BV60*1,0)+IFERROR(CI60*1,0)+IFERROR(CV60*1,0)+IFERROR(DI60*1,0)+IFERROR(DV60*1,0)+IFERROR(EI60*1,0)+IFERROR(EV60*1,0)+IFERROR(FI60*1,0) -> 0 | FT60: =IFERROR(W60*1,0)+IFERROR(AJ60*1,0)+IFERROR(AW60*1,0)+IFERROR(BJ60*1,0)+IFERROR(BW60*1,0)+IFERROR(CJ60*1,0)+IFERROR(CW60*1,0)+IFERROR(DJ60*1,0)+IFERROR(DW60*1,0)+IFERROR(EJ60*1,0)+IFERROR(EW60*1,0)+IFERROR(FJ60*1,0) -> 0 | FU60: =IFERROR(X60*1,0)+IFERROR(AK60*1,0)+IFERROR(AX60*1,0)+IFERROR(BK60*1,0)+IFERROR(BX60*1,0)+IFERROR(CK60*1,0)+IFERROR(CX60*1,0)+IFERROR(DK60*1,0)+IFERROR(DX60*1,0)+IFERROR(EK60*1,0)+IFERROR(EX60*1,0)+IFERROR(FK60*1,0) -> 0 | FV60: =IFERROR(Y60*1,0)+IFERROR(AL60*1,0)+IFERROR(AY60*1,0)+IFERROR(BL60*1,0)+IFERROR(BY60*1,0)+IFERROR(CL60*1,0)+IFERROR(CY60*1,0)+IFERROR(DL60*1,0)+IFERROR(DY60*1,0)+IFERROR(EL60*1,0)+IFERROR(EY60*1,0)+IFERROR(FL60*1,0) -> 0 | FX60: =N60+IFERROR(FW60*1,0) -> 0
A61: =IF(C61<>"","DRG-"&TEXT(57,"000"),"") -> DRG-057 | B61: PFG | C61: Blaze | D61: Brunche | E61: المهندسين | F61: Giza | L61: 4 | M61: =IF(N61>=4,"✔ Completed","✘ Pending") -> ✘ Pending | N61: =(P61="✔")+(AC61="✔")+(AP61="✔")+(BC61="✔")+(BP61="✔")+(CC61="✔")+(CP61="✔")+(DC61="✔")+(DP61="✔")+(EC61="✔")+(EP61="✔")+(FC61="✔") -> 0 | FO61: =IFERROR(R61*1,0)+IFERROR(AE61*1,0)+IFERROR(AR61*1,0)+IFERROR(BE61*1,0)+IFERROR(BR61*1,0)+IFERROR(CE61*1,0)+IFERROR(CR61*1,0)+IFERROR(DE61*1,0)+IFERROR(DR61*1,0)+IFERROR(EE61*1,0)+IFERROR(ER61*1,0)+IFERROR(FE61*1,0) -> 0 | FP61: =IFERROR(S61*1,0)+IFERROR(AF61*1,0)+IFERROR(AS61*1,0)+IFERROR(BF61*1,0)+IFERROR(BS61*1,0)+IFERROR(CF61*1,0)+IFERROR(CS61*1,0)+IFERROR(DF61*1,0)+IFERROR(DS61*1,0)+IFERROR(EF61*1,0)+IFERROR(ES61*1,0)+IFERROR(FF61*1,0) -> 0 | FQ61: =IFERROR(T61*1,0)+IFERROR(AG61*1,0)+IFERROR(AT61*1,0)+IFERROR(BG61*1,0)+IFERROR(BT61*1,0)+IFERROR(CG61*1,0)+IFERROR(CT61*1,0)+IFERROR(DG61*1,0)+IFERROR(DT61*1,0)+IFERROR(EG61*1,0)+IFERROR(ET61*1,0)+IFERROR(FG61*1,0) -> 0 | FR61: =IFERROR(U61*1,0)+IFERROR(AH61*1,0)+IFERROR(AU61*1,0)+IFERROR(BH61*1,0)+IFERROR(BU61*1,0)+IFERROR(CH61*1,0)+IFERROR(CU61*1,0)+IFERROR(DH61*1,0)+IFERROR(DU61*1,0)+IFERROR(EH61*1,0)+IFERROR(EU61*1,0)+IFERROR(FH61*1,0) -> 0 | FS61: =IFERROR(V61*1,0)+IFERROR(AI61*1,0)+IFERROR(AV61*1,0)+IFERROR(BI61*1,0)+IFERROR(BV61*1,0)+IFERROR(CI61*1,0)+IFERROR(CV61*1,0)+IFERROR(DI61*1,0)+IFERROR(DV61*1,0)+IFERROR(EI61*1,0)+IFERROR(EV61*1,0)+IFERROR(FI61*1,0) -> 0 | FT61: =IFERROR(W61*1,0)+IFERROR(AJ61*1,0)+IFERROR(AW61*1,0)+IFERROR(BJ61*1,0)+IFERROR(BW61*1,0)+IFERROR(CJ61*1,0)+IFERROR(CW61*1,0)+IFERROR(DJ61*1,0)+IFERROR(DW61*1,0)+IFERROR(EJ61*1,0)+IFERROR(EW61*1,0)+IFERROR(FJ61*1,0) -> 0 | FU61: =IFERROR(X61*1,0)+IFERROR(AK61*1,0)+IFERROR(AX61*1,0)+IFERROR(BK61*1,0)+IFERROR(BX61*1,0)+IFERROR(CK61*1,0)+IFERROR(CX61*1,0)+IFERROR(DK61*1,0)+IFERROR(DX61*1,0)+IFERROR(EK61*1,0)+IFERROR(EX61*1,0)+IFERROR(FK61*1,0) -> 0 | FV61: =IFERROR(Y61*1,0)+IFERROR(AL61*1,0)+IFERROR(AY61*1,0)+IFERROR(BL61*1,0)+IFERROR(BY61*1,0)+IFERROR(CL61*1,0)+IFERROR(CY61*1,0)+IFERROR(DL61*1,0)+IFERROR(DY61*1,0)+IFERROR(EL61*1,0)+IFERROR(EY61*1,0)+IFERROR(FL61*1,0) -> 0 | FX61: =N61+IFERROR(FW61*1,0) -> 0
A62: =IF(C62<>"","DRG-"&TEXT(58,"000"),"") -> DRG-058 | B62: PFG | C62: Blaze | D62: Brunche | E62: مدينتي | F62: Cairo | L62: 4 | M62: =IF(N62>=4,"✔ Completed","✘ Pending") -> ✘ Pending | N62: =(P62="✔")+(AC62="✔")+(AP62="✔")+(BC62="✔")+(BP62="✔")+(CC62="✔")+(CP62="✔")+(DC62="✔")+(DP62="✔")+(EC62="✔")+(EP62="✔")+(FC62="✔") -> 0 | FO62: =IFERROR(R62*1,0)+IFERROR(AE62*1,0)+IFERROR(AR62*1,0)+IFERROR(BE62*1,0)+IFERROR(BR62*1,0)+IFERROR(CE62*1,0)+IFERROR(CR62*1,0)+IFERROR(DE62*1,0)+IFERROR(DR62*1,0)+IFERROR(EE62*1,0)+IFERROR(ER62*1,0)+IFERROR(FE62*1,0) -> 0 | FP62: =IFERROR(S62*1,0)+IFERROR(AF62*1,0)+IFERROR(AS62*1,0)+IFERROR(BF62*1,0)+IFERROR(BS62*1,0)+IFERROR(CF62*1,0)+IFERROR(CS62*1,0)+IFERROR(DF62*1,0)+IFERROR(DS62*1,0)+IFERROR(EF62*1,0)+IFERROR(ES62*1,0)+IFERROR(FF62*1,0) -> 0 | FQ62: =IFERROR(T62*1,0)+IFERROR(AG62*1,0)+IFERROR(AT62*1,0)+IFERROR(BG62*1,0)+IFERROR(BT62*1,0)+IFERROR(CG62*1,0)+IFERROR(CT62*1,0)+IFERROR(DG62*1,0)+IFERROR(DT62*1,0)+IFERROR(EG62*1,0)+IFERROR(ET62*1,0)+IFERROR(FG62*1,0) -> 0 | FR62: =IFERROR(U62*1,0)+IFERROR(AH62*1,0)+IFERROR(AU62*1,0)+IFERROR(BH62*1,0)+IFERROR(BU62*1,0)+IFERROR(CH62*1,0)+IFERROR(CU62*1,0)+IFERROR(DH62*1,0)+IFERROR(DU62*1,0)+IFERROR(EH62*1,0)+IFERROR(EU62*1,0)+IFERROR(FH62*1,0) -> 0 | FS62: =IFERROR(V62*1,0)+IFERROR(AI62*1,0)+IFERROR(AV62*1,0)+IFERROR(BI62*1,0)+IFERROR(BV62*1,0)+IFERROR(CI62*1,0)+IFERROR(CV62*1,0)+IFERROR(DI62*1,0)+IFERROR(DV62*1,0)+IFERROR(EI62*1,0)+IFERROR(EV62*1,0)+IFERROR(FI62*1,0) -> 0 | FT62: =IFERROR(W62*1,0)+IFERROR(AJ62*1,0)+IFERROR(AW62*1,0)+IFERROR(BJ62*1,0)+IFERROR(BW62*1,0)+IFERROR(CJ62*1,0)+IFERROR(CW62*1,0)+IFERROR(DJ62*1,0)+IFERROR(DW62*1,0)+IFERROR(EJ62*1,0)+IFERROR(EW62*1,0)+IFERROR(FJ62*1,0) -> 0 | FU62: =IFERROR(X62*1,0)+IFERROR(AK62*1,0)+IFERROR(AX62*1,0)+IFERROR(BK62*1,0)+IFERROR(BX62*1,0)+IFERROR(CK62*1,0)+IFERROR(CX62*1,0)+IFERROR(DK62*1,0)+IFERROR(DX62*1,0)+IFERROR(EK62*1,0)+IFERROR(EX62*1,0)+IFERROR(FK62*1,0) -> 0 | FV62: =IFERROR(Y62*1,0)+IFERROR(AL62*1,0)+IFERROR(AY62*1,0)+IFERROR(BL62*1,0)+IFERROR(BY62*1,0)+IFERROR(CL62*1,0)+IFERROR(CY62*1,0)+IFERROR(DL62*1,0)+IFERROR(DY62*1,0)+IFERROR(EL62*1,0)+IFERROR(EY62*1,0)+IFERROR(FL62*1,0) -> 0 | FX62: =N62+IFERROR(FW62*1,0) -> 0
A63: =IF(C63<>"","DRG-"&TEXT(59,"000"),"") -> DRG-059 | B63: PFG | C63: Blaze | D63: Brunche | E63: كوف | F63: Cairo | L63: 4 | M63: =IF(N63>=4,"✔ Completed","✘ Pending") -> ✘ Pending | N63: =(P63="✔")+(AC63="✔")+(AP63="✔")+(BC63="✔")+(BP63="✔")+(CC63="✔")+(CP63="✔")+(DC63="✔")+(DP63="✔")+(EC63="✔")+(EP63="✔")+(FC63="✔") -> 0 | FO63: =IFERROR(R63*1,0)+IFERROR(AE63*1,0)+IFERROR(AR63*1,0)+IFERROR(BE63*1,0)+IFERROR(BR63*1,0)+IFERROR(CE63*1,0)+IFERROR(CR63*1,0)+IFERROR(DE63*1,0)+IFERROR(DR63*1,0)+IFERROR(EE63*1,0)+IFERROR(ER63*1,0)+IFERROR(FE63*1,0) -> 0 | FP63: =IFERROR(S63*1,0)+IFERROR(AF63*1,0)+IFERROR(AS63*1,0)+IFERROR(BF63*1,0)+IFERROR(BS63*1,0)+IFERROR(CF63*1,0)+IFERROR(CS63*1,0)+IFERROR(DF63*1,0)+IFERROR(DS63*1,0)+IFERROR(EF63*1,0)+IFERROR(ES63*1,0)+IFERROR(FF63*1,0) -> 0 | FQ63: =IFERROR(T63*1,0)+IFERROR(AG63*1,0)+IFERROR(AT63*1,0)+IFERROR(BG63*1,0)+IFERROR(BT63*1,0)+IFERROR(CG63*1,0)+IFERROR(CT63*1,0)+IFERROR(DG63*1,0)+IFERROR(DT63*1,0)+IFERROR(EG63*1,0)+IFERROR(ET63*1,0)+IFERROR(FG63*1,0) -> 0 | FR63: =IFERROR(U63*1,0)+IFERROR(AH63*1,0)+IFERROR(AU63*1,0)+IFERROR(BH63*1,0)+IFERROR(BU63*1,0)+IFERROR(CH63*1,0)+IFERROR(CU63*1,0)+IFERROR(DH63*1,0)+IFERROR(DU63*1,0)+IFERROR(EH63*1,0)+IFERROR(EU63*1,0)+IFERROR(FH63*1,0) -> 0 | FS63: =IFERROR(V63*1,0)+IFERROR(AI63*1,0)+IFERROR(AV63*1,0)+IFERROR(BI63*1,0)+IFERROR(BV63*1,0)+IFERROR(CI63*1,0)+IFERROR(CV63*1,0)+IFERROR(DI63*1,0)+IFERROR(DV63*1,0)+IFERROR(EI63*1,0)+IFERROR(EV63*1,0)+IFERROR(FI63*1,0) -> 0 | FT63: =IFERROR(W63*1,0)+IFERROR(AJ63*1,0)+IFERROR(AW63*1,0)+IFERROR(BJ63*1,0)+IFERROR(BW63*1,0)+IFERROR(CJ63*1,0)+IFERROR(CW63*1,0)+IFERROR(DJ63*1,0)+IFERROR(DW63*1,0)+IFERROR(EJ63*1,0)+IFERROR(EW63*1,0)+IFERROR(FJ63*1,0) -> 0 | FU63: =IFERROR(X63*1,0)+IFERROR(AK63*1,0)+IFERROR(AX63*1,0)+IFERROR(BK63*1,0)+IFERROR(BX63*1,0)+IFERROR(CK63*1,0)+IFERROR(CX63*1,0)+IFERROR(DK63*1,0)+IFERROR(DX63*1,0)+IFERROR(EK63*1,0)+IFERROR(EX63*1,0)+IFERROR(FK63*1,0) -> 0 | FV63: =IFERROR(Y63*1,0)+IFERROR(AL63*1,0)+IFERROR(AY63*1,0)+IFERROR(BL63*1,0)+IFERROR(BY63*1,0)+IFERROR(CL63*1,0)+IFERROR(CY63*1,0)+IFERROR(DL63*1,0)+IFERROR(DY63*1,0)+IFERROR(EL63*1,0)+IFERROR(EY63*1,0)+IFERROR(FL63*1,0) -> 0 | FX63: =N63+IFERROR(FW63*1,0) -> 0
A64: =IF(C64<>"","DRG-"&TEXT(60,"000"),"") -> DRG-060 | B64: Bayrouti | C64: Bayrouti | D64: Brunche | E64: جاردن 8 | F64: Cairo | L64: 4 | M64: =IF(N64>=4,"✔ Completed","✘ Pending") -> ✘ Pending | N64: =(P64="✔")+(AC64="✔")+(AP64="✔")+(BC64="✔")+(BP64="✔")+(CC64="✔")+(CP64="✔")+(DC64="✔")+(DP64="✔")+(EC64="✔")+(EP64="✔")+(FC64="✔") -> 0 | FO64: =IFERROR(R64*1,0)+IFERROR(AE64*1,0)+IFERROR(AR64*1,0)+IFERROR(BE64*1,0)+IFERROR(BR64*1,0)+IFERROR(CE64*1,0)+IFERROR(CR64*1,0)+IFERROR(DE64*1,0)+IFERROR(DR64*1,0)+IFERROR(EE64*1,0)+IFERROR(ER64*1,0)+IFERROR(FE64*1,0) -> 0 | FP64: =IFERROR(S64*1,0)+IFERROR(AF64*1,0)+IFERROR(AS64*1,0)+IFERROR(BF64*1,0)+IFERROR(BS64*1,0)+IFERROR(CF64*1,0)+IFERROR(CS64*1,0)+IFERROR(DF64*1,0)+IFERROR(DS64*1,0)+IFERROR(EF64*1,0)+IFERROR(ES64*1,0)+IFERROR(FF64*1,0) -> 0 | FQ64: =IFERROR(T64*1,0)+IFERROR(AG64*1,0)+IFERROR(AT64*1,0)+IFERROR(BG64*1,0)+IFERROR(BT64*1,0)+IFERROR(CG64*1,0)+IFERROR(CT64*1,0)+IFERROR(DG64*1,0)+IFERROR(DT64*1,0)+IFERROR(EG64*1,0)+IFERROR(ET64*1,0)+IFERROR(FG64*1,0) -> 0 | FR64: =IFERROR(U64*1,0)+IFERROR(AH64*1,0)+IFERROR(AU64*1,0)+IFERROR(BH64*1,0)+IFERROR(BU64*1,0)+IFERROR(CH64*1,0)+IFERROR(CU64*1,0)+IFERROR(DH64*1,0)+IFERROR(DU64*1,0)+IFERROR(EH64*1,0)+IFERROR(EU64*1,0)+IFERROR(FH64*1,0) -> 0 | FS64: =IFERROR(V64*1,0)+IFERROR(AI64*1,0)+IFERROR(AV64*1,0)+IFERROR(BI64*1,0)+IFERROR(BV64*1,0)+IFERROR(CI64*1,0)+IFERROR(CV64*1,0)+IFERROR(DI64*1,0)+IFERROR(DV64*1,0)+IFERROR(EI64*1,0)+IFERROR(EV64*1,0)+IFERROR(FI64*1,0) -> 0 | FT64: =IFERROR(W64*1,0)+IFERROR(AJ64*1,0)+IFERROR(AW64*1,0)+IFERROR(BJ64*1,0)+IFERROR(BW64*1,0)+IFERROR(CJ64*1,0)+IFERROR(CW64*1,0)+IFERROR(DJ64*1,0)+IFERROR(DW64*1,0)+IFERROR(EJ64*1,0)+IFERROR(EW64*1,0)+IFERROR(FJ64*1,0) -> 0 | FU64: =IFERROR(X64*1,0)+IFERROR(AK64*1,0)+IFERROR(AX64*1,0)+IFERROR(BK64*1,0)+IFERROR(BX64*1,0)+IFERROR(CK64*1,0)+IFERROR(CX64*1,0)+IFERROR(DK64*1,0)+IFERROR(DX64*1,0)+IFERROR(EK64*1,0)+IFERROR(EX64*1,0)+IFERROR(FK64*1,0) -> 0 | FV64: =IFERROR(Y64*1,0)+IFERROR(AL64*1,0)+IFERROR(AY64*1,0)+IFERROR(BL64*1,0)+IFERROR(BY64*1,0)+IFERROR(CL64*1,0)+IFERROR(CY64*1,0)+IFERROR(DL64*1,0)+IFERROR(DY64*1,0)+IFERROR(EL64*1,0)+IFERROR(EY64*1,0)+IFERROR(FL64*1,0) -> 0 | FX64: =N64+IFERROR(FW64*1,0) -> 0
A65: =IF(C65<>"","DRG-"&TEXT(61,"000"),"") -> DRG-061 | B65: Bayrouti | C65: Bayrouti | D65: Brunche | E65: أركان | F65: Giza | L65: 4 | M65: =IF(N65>=4,"✔ Completed","✘ Pending") -> ✘ Pending | N65: =(P65="✔")+(AC65="✔")+(AP65="✔")+(BC65="✔")+(BP65="✔")+(CC65="✔")+(CP65="✔")+(DC65="✔")+(DP65="✔")+(EC65="✔")+(EP65="✔")+(FC65="✔") -> 0 | FO65: =IFERROR(R65*1,0)+IFERROR(AE65*1,0)+IFERROR(AR65*1,0)+IFERROR(BE65*1,0)+IFERROR(BR65*1,0)+IFERROR(CE65*1,0)+IFERROR(CR65*1,0)+IFERROR(DE65*1,0)+IFERROR(DR65*1,0)+IFERROR(EE65*1,0)+IFERROR(ER65*1,0)+IFERROR(FE65*1,0) -> 0 | FP65: =IFERROR(S65*1,0)+IFERROR(AF65*1,0)+IFERROR(AS65*1,0)+IFERROR(BF65*1,0)+IFERROR(BS65*1,0)+IFERROR(CF65*1,0)+IFERROR(CS65*1,0)+IFERROR(DF65*1,0)+IFERROR(DS65*1,0)+IFERROR(EF65*1,0)+IFERROR(ES65*1,0)+IFERROR(FF65*1,0) -> 0 | FQ65: =IFERROR(T65*1,0)+IFERROR(AG65*1,0)+IFERROR(AT65*1,0)+IFERROR(BG65*1,0)+IFERROR(BT65*1,0)+IFERROR(CG65*1,0)+IFERROR(CT65*1,0)+IFERROR(DG65*1,0)+IFERROR(DT65*1,0)+IFERROR(EG65*1,0)+IFERROR(ET65*1,0)+IFERROR(FG65*1,0) -> 0 | FR65: =IFERROR(U65*1,0)+IFERROR(AH65*1,0)+IFERROR(AU65*1,0)+IFERROR(BH65*1,0)+IFERROR(BU65*1,0)+IFERROR(CH65*1,0)+IFERROR(CU65*1,0)+IFERROR(DH65*1,0)+IFERROR(DU65*1,0)+IFERROR(EH65*1,0)+IFERROR(EU65*1,0)+IFERROR(FH65*1,0) -> 0 | FS65: =IFERROR(V65*1,0)+IFERROR(AI65*1,0)+IFERROR(AV65*1,0)+IFERROR(BI65*1,0)+IFERROR(BV65*1,0)+IFERROR(CI65*1,0)+IFERROR(CV65*1,0)+IFERROR(DI65*1,0)+IFERROR(DV65*1,0)+IFERROR(EI65*1,0)+IFERROR(EV65*1,0)+IFERROR(FI65*1,0) -> 0 | FT65: =IFERROR(W65*1,0)+IFERROR(AJ65*1,0)+IFERROR(AW65*1,0)+IFERROR(BJ65*1,0)+IFERROR(BW65*1,0)+IFERROR(CJ65*1,0)+IFERROR(CW65*1,0)+IFERROR(DJ65*1,0)+IFERROR(DW65*1,0)+IFERROR(EJ65*1,0)+IFERROR(EW65*1,0)+IFERROR(FJ65*1,0) -> 0 | FU65: =IFERROR(X65*1,0)+IFERROR(AK65*1,0)+IFERROR(AX65*1,0)+IFERROR(BK65*1,0)+IFERROR(BX65*1,0)+IFERROR(CK65*1,0)+IFERROR(CX65*1,0)+IFERROR(DK65*1,0)+IFERROR(DX65*1,0)+IFERROR(EK65*1,0)+IFERROR(EX65*1,0)+IFERROR(FK65*1,0) -> 0 | FV65: =IFERROR(Y65*1,0)+IFERROR(AL65*1,0)+IFERROR(AY65*1,0)+IFERROR(BL65*1,0)+IFERROR(BY65*1,0)+IFERROR(CL65*1,0)+IFERROR(CY65*1,0)+IFERROR(DL65*1,0)+IFERROR(DY65*1,0)+IFERROR(EL65*1,0)+IFERROR(EY65*1,0)+IFERROR(FL65*1,0) -> 0 | FX65: =N65+IFERROR(FW65*1,0) -> 0
A66: =IF(C66<>"","DRG-"&TEXT(62,"000"),"") -> DRG-062 | B66: Bruger in Box | C66: Bruger in Box | D66: Brunche | E66: ألف مسكن | F66: Cairo | L66: 4 | M66: =IF(N66>=4,"✔ Completed","✘ Pending") -> ✘ Pending | N66: =(P66="✔")+(AC66="✔")+(AP66="✔")+(BC66="✔")+(BP66="✔")+(CC66="✔")+(CP66="✔")+(DC66="✔")+(DP66="✔")+(EC66="✔")+(EP66="✔")+(FC66="✔") -> 0 | FO66: =IFERROR(R66*1,0)+IFERROR(AE66*1,0)+IFERROR(AR66*1,0)+IFERROR(BE66*1,0)+IFERROR(BR66*1,0)+IFERROR(CE66*1,0)+IFERROR(CR66*1,0)+IFERROR(DE66*1,0)+IFERROR(DR66*1,0)+IFERROR(EE66*1,0)+IFERROR(ER66*1,0)+IFERROR(FE66*1,0) -> 0 | FP66: =IFERROR(S66*1,0)+IFERROR(AF66*1,0)+IFERROR(AS66*1,0)+IFERROR(BF66*1,0)+IFERROR(BS66*1,0)+IFERROR(CF66*1,0)+IFERROR(CS66*1,0)+IFERROR(DF66*1,0)+IFERROR(DS66*1,0)+IFERROR(EF66*1,0)+IFERROR(ES66*1,0)+IFERROR(FF66*1,0) -> 0 | FQ66: =IFERROR(T66*1,0)+IFERROR(AG66*1,0)+IFERROR(AT66*1,0)+IFERROR(BG66*1,0)+IFERROR(BT66*1,0)+IFERROR(CG66*1,0)+IFERROR(CT66*1,0)+IFERROR(DG66*1,0)+IFERROR(DT66*1,0)+IFERROR(EG66*1,0)+IFERROR(ET66*1,0)+IFERROR(FG66*1,0) -> 0 | FR66: =IFERROR(U66*1,0)+IFERROR(AH66*1,0)+IFERROR(AU66*1,0)+IFERROR(BH66*1,0)+IFERROR(BU66*1,0)+IFERROR(CH66*1,0)+IFERROR(CU66*1,0)+IFERROR(DH66*1,0)+IFERROR(DU66*1,0)+IFERROR(EH66*1,0)+IFERROR(EU66*1,0)+IFERROR(FH66*1,0) -> 0 | FS66: =IFERROR(V66*1,0)+IFERROR(AI66*1,0)+IFERROR(AV66*1,0)+IFERROR(BI66*1,0)+IFERROR(BV66*1,0)+IFERROR(CI66*1,0)+IFERROR(CV66*1,0)+IFERROR(DI66*1,0)+IFERROR(DV66*1,0)+IFERROR(EI66*1,0)+IFERROR(EV66*1,0)+IFERROR(FI66*1,0) -> 0 | FT66: =IFERROR(W66*1,0)+IFERROR(AJ66*1,0)+IFERROR(AW66*1,0)+IFERROR(BJ66*1,0)+IFERROR(BW66*1,0)+IFERROR(CJ66*1,0)+IFERROR(CW66*1,0)+IFERROR(DJ66*1,0)+IFERROR(DW66*1,0)+IFERROR(EJ66*1,0)+IFERROR(EW66*1,0)+IFERROR(FJ66*1,0) -> 0 | FU66: =IFERROR(X66*1,0)+IFERROR(AK66*1,0)+IFERROR(AX66*1,0)+IFERROR(BK66*1,0)+IFERROR(BX66*1,0)+IFERROR(CK66*1,0)+IFERROR(CX66*1,0)+IFERROR(DK66*1,0)+IFERROR(DX66*1,0)+IFERROR(EK66*1,0)+IFERROR(EX66*1,0)+IFERROR(FK66*1,0) -> 0 | FV66: =IFERROR(Y66*1,0)+IFERROR(AL66*1,0)+IFERROR(AY66*1,0)+IFERROR(BL66*1,0)+IFERROR(BY66*1,0)+IFERROR(CL66*1,0)+IFERROR(CY66*1,0)+IFERROR(DL66*1,0)+IFERROR(DY66*1,0)+IFERROR(EL66*1,0)+IFERROR(EY66*1,0)+IFERROR(FL66*1,0) -> 0 | FX66: =N66+IFERROR(FW66*1,0) -> 0
A67: =IF(C67<>"","DRG-"&TEXT(63,"000"),"") -> DRG-063 | B67: Bruger in Box | C67: Bruger in Box | D67: Brunche | E67: عباسيه | F67: Cairo | L67: 4 | M67: =IF(N67>=4,"✔ Completed","✘ Pending") -> ✘ Pending | N67: =(P67="✔")+(AC67="✔")+(AP67="✔")+(BC67="✔")+(BP67="✔")+(CC67="✔")+(CP67="✔")+(DC67="✔")+(DP67="✔")+(EC67="✔")+(EP67="✔")+(FC67="✔") -> 0 | FO67: =IFERROR(R67*1,0)+IFERROR(AE67*1,0)+IFERROR(AR67*1,0)+IFERROR(BE67*1,0)+IFERROR(BR67*1,0)+IFERROR(CE67*1,0)+IFERROR(CR67*1,0)+IFERROR(DE67*1,0)+IFERROR(DR67*1,0)+IFERROR(EE67*1,0)+IFERROR(ER67*1,0)+IFERROR(FE67*1,0) -> 0 | FP67: =IFERROR(S67*1,0)+IFERROR(AF67*1,0)+IFERROR(AS67*1,0)+IFERROR(BF67*1,0)+IFERROR(BS67*1,0)+IFERROR(CF67*1,0)+IFERROR(CS67*1,0)+IFERROR(DF67*1,0)+IFERROR(DS67*1,0)+IFERROR(EF67*1,0)+IFERROR(ES67*1,0)+IFERROR(FF67*1,0) -> 0 | FQ67: =IFERROR(T67*1,0)+IFERROR(AG67*1,0)+IFERROR(AT67*1,0)+IFERROR(BG67*1,0)+IFERROR(BT67*1,0)+IFERROR(CG67*1,0)+IFERROR(CT67*1,0)+IFERROR(DG67*1,0)+IFERROR(DT67*1,0)+IFERROR(EG67*1,0)+IFERROR(ET67*1,0)+IFERROR(FG67*1,0) -> 0 | FR67: =IFERROR(U67*1,0)+IFERROR(AH67*1,0)+IFERROR(AU67*1,0)+IFERROR(BH67*1,0)+IFERROR(BU67*1,0)+IFERROR(CH67*1,0)+IFERROR(CU67*1,0)+IFERROR(DH67*1,0)+IFERROR(DU67*1,0)+IFERROR(EH67*1,0)+IFERROR(EU67*1,0)+IFERROR(FH67*1,0) -> 0 | FS67: =IFERROR(V67*1,0)+IFERROR(AI67*1,0)+IFERROR(AV67*1,0)+IFERROR(BI67*1,0)+IFERROR(BV67*1,0)+IFERROR(CI67*1,0)+IFERROR(CV67*1,0)+IFERROR(DI67*1,0)+IFERROR(DV67*1,0)+IFERROR(EI67*1,0)+IFERROR(EV67*1,0)+IFERROR(FI67*1,0) -> 0 | FT67: =IFERROR(W67*1,0)+IFERROR(AJ67*1,0)+IFERROR(AW67*1,0)+IFERROR(BJ67*1,0)+IFERROR(BW67*1,0)+IFERROR(CJ67*1,0)+IFERROR(CW67*1,0)+IFERROR(DJ67*1,0)+IFERROR(DW67*1,0)+IFERROR(EJ67*1,0)+IFERROR(EW67*1,0)+IFERROR(FJ67*1,0) -> 0 | FU67: =IFERROR(X67*1,0)+IFERROR(AK67*1,0)+IFERROR(AX67*1,0)+IFERROR(BK67*1,0)+IFERROR(BX67*1,0)+IFERROR(CK67*1,0)+IFERROR(CX67*1,0)+IFERROR(DK67*1,0)+IFERROR(DX67*1,0)+IFERROR(EK67*1,0)+IFERROR(EX67*1,0)+IFERROR(FK67*1,0) -> 0 | FV67: =IFERROR(Y67*1,0)+IFERROR(AL67*1,0)+IFERROR(AY67*1,0)+IFERROR(BL67*1,0)+IFERROR(BY67*1,0)+IFERROR(CL67*1,0)+IFERROR(CY67*1,0)+IFERROR(DL67*1,0)+IFERROR(DY67*1,0)+IFERROR(EL67*1,0)+IFERROR(EY67*1,0)+IFERROR(FL67*1,0) -> 0 | FX67: =N67+IFERROR(FW67*1,0) -> 0
A68: =IF(C68<>"","DRG-"&TEXT(64,"000"),"") -> DRG-064 | B68: Bruger in Box | C68: Bruger in Box | D68: Brunche | E68: أول مكرم | F68: Giza | L68: 4 | M68: =IF(N68>=4,"✔ Completed","✘ Pending") -> ✘ Pending | N68: =(P68="✔")+(AC68="✔")+(AP68="✔")+(BC68="✔")+(BP68="✔")+(CC68="✔")+(CP68="✔")+(DC68="✔")+(DP68="✔")+(EC68="✔")+(EP68="✔")+(FC68="✔") -> 0 | FO68: =IFERROR(R68*1,0)+IFERROR(AE68*1,0)+IFERROR(AR68*1,0)+IFERROR(BE68*1,0)+IFERROR(BR68*1,0)+IFERROR(CE68*1,0)+IFERROR(CR68*1,0)+IFERROR(DE68*1,0)+IFERROR(DR68*1,0)+IFERROR(EE68*1,0)+IFERROR(ER68*1,0)+IFERROR(FE68*1,0) -> 0 | FP68: =IFERROR(S68*1,0)+IFERROR(AF68*1,0)+IFERROR(AS68*1,0)+IFERROR(BF68*1,0)+IFERROR(BS68*1,0)+IFERROR(CF68*1,0)+IFERROR(CS68*1,0)+IFERROR(DF68*1,0)+IFERROR(DS68*1,0)+IFERROR(EF68*1,0)+IFERROR(ES68*1,0)+IFERROR(FF68*1,0) -> 0 | FQ68: =IFERROR(T68*1,0)+IFERROR(AG68*1,0)+IFERROR(AT68*1,0)+IFERROR(BG68*1,0)+IFERROR(BT68*1,0)+IFERROR(CG68*1,0)+IFERROR(CT68*1,0)+IFERROR(DG68*1,0)+IFERROR(DT68*1,0)+IFERROR(EG68*1,0)+IFERROR(ET68*1,0)+IFERROR(FG68*1,0) -> 0 | FR68: =IFERROR(U68*1,0)+IFERROR(AH68*1,0)+IFERROR(AU68*1,0)+IFERROR(BH68*1,0)+IFERROR(BU68*1,0)+IFERROR(CH68*1,0)+IFERROR(CU68*1,0)+IFERROR(DH68*1,0)+IFERROR(DU68*1,0)+IFERROR(EH68*1,0)+IFERROR(EU68*1,0)+IFERROR(FH68*1,0) -> 0 | FS68: =IFERROR(V68*1,0)+IFERROR(AI68*1,0)+IFERROR(AV68*1,0)+IFERROR(BI68*1,0)+IFERROR(BV68*1,0)+IFERROR(CI68*1,0)+IFERROR(CV68*1,0)+IFERROR(DI68*1,0)+IFERROR(DV68*1,0)+IFERROR(EI68*1,0)+IFERROR(EV68*1,0)+IFERROR(FI68*1,0) -> 0 | FT68: =IFERROR(W68*1,0)+IFERROR(AJ68*1,0)+IFERROR(AW68*1,0)+IFERROR(BJ68*1,0)+IFERROR(BW68*1,0)+IFERROR(CJ68*1,0)+IFERROR(CW68*1,0)+IFERROR(DJ68*1,0)+IFERROR(DW68*1,0)+IFERROR(EJ68*1,0)+IFERROR(EW68*1,0)+IFERROR(FJ68*1,0) -> 0 | FU68: =IFERROR(X68*1,0)+IFERROR(AK68*1,0)+IFERROR(AX68*1,0)+IFERROR(BK68*1,0)+IFERROR(BX68*1,0)+IFERROR(CK68*1,0)+IFERROR(CX68*1,0)+IFERROR(DK68*1,0)+IFERROR(DX68*1,0)+IFERROR(EK68*1,0)+IFERROR(EX68*1,0)+IFERROR(FK68*1,0) -> 0 | FV68: =IFERROR(Y68*1,0)+IFERROR(AL68*1,0)+IFERROR(AY68*1,0)+IFERROR(BL68*1,0)+IFERROR(BY68*1,0)+IFERROR(CL68*1,0)+IFERROR(CY68*1,0)+IFERROR(DL68*1,0)+IFERROR(DY68*1,0)+IFERROR(EL68*1,0)+IFERROR(EY68*1,0)+IFERROR(FL68*1,0) -> 0 | FX68: =N68+IFERROR(FW68*1,0) -> 0
A69: =IF(C69<>"","DRG-"&TEXT(65,"000"),"") -> DRG-065 | B69: Bruger in Box | C69: Bruger in Box | D69: Brunche | E69: التجمع | F69: Cairo | L69: 4 | M69: =IF(N69>=4,"✔ Completed","✘ Pending") -> ✘ Pending | N69: =(P69="✔")+(AC69="✔")+(AP69="✔")+(BC69="✔")+(BP69="✔")+(CC69="✔")+(CP69="✔")+(DC69="✔")+(DP69="✔")+(EC69="✔")+(EP69="✔")+(FC69="✔") -> 0 | FO69: =IFERROR(R69*1,0)+IFERROR(AE69*1,0)+IFERROR(AR69*1,0)+IFERROR(BE69*1,0)+IFERROR(BR69*1,0)+IFERROR(CE69*1,0)+IFERROR(CR69*1,0)+IFERROR(DE69*1,0)+IFERROR(DR69*1,0)+IFERROR(EE69*1,0)+IFERROR(ER69*1,0)+IFERROR(FE69*1,0) -> 0 | FP69: =IFERROR(S69*1,0)+IFERROR(AF69*1,0)+IFERROR(AS69*1,0)+IFERROR(BF69*1,0)+IFERROR(BS69*1,0)+IFERROR(CF69*1,0)+IFERROR(CS69*1,0)+IFERROR(DF69*1,0)+IFERROR(DS69*1,0)+IFERROR(EF69*1,0)+IFERROR(ES69*1,0)+IFERROR(FF69*1,0) -> 0 | FQ69: =IFERROR(T69*1,0)+IFERROR(AG69*1,0)+IFERROR(AT69*1,0)+IFERROR(BG69*1,0)+IFERROR(BT69*1,0)+IFERROR(CG69*1,0)+IFERROR(CT69*1,0)+IFERROR(DG69*1,0)+IFERROR(DT69*1,0)+IFERROR(EG69*1,0)+IFERROR(ET69*1,0)+IFERROR(FG69*1,0) -> 0 | FR69: =IFERROR(U69*1,0)+IFERROR(AH69*1,0)+IFERROR(AU69*1,0)+IFERROR(BH69*1,0)+IFERROR(BU69*1,0)+IFERROR(CH69*1,0)+IFERROR(CU69*1,0)+IFERROR(DH69*1,0)+IFERROR(DU69*1,0)+IFERROR(EH69*1,0)+IFERROR(EU69*1,0)+IFERROR(FH69*1,0) -> 0 | FS69: =IFERROR(V69*1,0)+IFERROR(AI69*1,0)+IFERROR(AV69*1,0)+IFERROR(BI69*1,0)+IFERROR(BV69*1,0)+IFERROR(CI69*1,0)+IFERROR(CV69*1,0)+IFERROR(DI69*1,0)+IFERROR(DV69*1,0)+IFERROR(EI69*1,0)+IFERROR(EV69*1,0)+IFERROR(FI69*1,0) -> 0 | FT69: =IFERROR(W69*1,0)+IFERROR(AJ69*1,0)+IFERROR(AW69*1,0)+IFERROR(BJ69*1,0)+IFERROR(BW69*1,0)+IFERROR(CJ69*1,0)+IFERROR(CW69*1,0)+IFERROR(DJ69*1,0)+IFERROR(DW69*1,0)+IFERROR(EJ69*1,0)+IFERROR(EW69*1,0)+IFERROR(FJ69*1,0) -> 0 | FU69: =IFERROR(X69*1,0)+IFERROR(AK69*1,0)+IFERROR(AX69*1,0)+IFERROR(BK69*1,0)+IFERROR(BX69*1,0)+IFERROR(CK69*1,0)+IFERROR(CX69*1,0)+IFERROR(DK69*1,0)+IFERROR(DX69*1,0)+IFERROR(EK69*1,0)+IFERROR(EX69*1,0)+IFERROR(FK69*1,0) -> 0 | FV69: =IFERROR(Y69*1,0)+IFERROR(AL69*1,0)+IFERROR(AY69*1,0)+IFERROR(BL69*1,0)+IFERROR(BY69*1,0)+IFERROR(CL69*1,0)+IFERROR(CY69*1,0)+IFERROR(DL69*1,0)+IFERROR(DY69*1,0)+IFERROR(EL69*1,0)+IFERROR(EY69*1,0)+IFERROR(FL69*1,0) -> 0 | FX69: =N69+IFERROR(FW69*1,0) -> 0
A70: =IF(C70<>"","DRG-"&TEXT(66,"000"),"") -> DRG-066 | B70: Bruger in Box | C70: Bruger in Box | D70: Brunche | E70: أسكندريه | F70: Alexandria | L70: 4 | M70: =IF(N70>=4,"✔ Completed","✘ Pending") -> ✘ Pending | N70: =(P70="✔")+(AC70="✔")+(AP70="✔")+(BC70="✔")+(BP70="✔")+(CC70="✔")+(CP70="✔")+(DC70="✔")+(DP70="✔")+(EC70="✔")+(EP70="✔")+(FC70="✔") -> 0 | FO70: =IFERROR(R70*1,0)+IFERROR(AE70*1,0)+IFERROR(AR70*1,0)+IFERROR(BE70*1,0)+IFERROR(BR70*1,0)+IFERROR(CE70*1,0)+IFERROR(CR70*1,0)+IFERROR(DE70*1,0)+IFERROR(DR70*1,0)+IFERROR(EE70*1,0)+IFERROR(ER70*1,0)+IFERROR(FE70*1,0) -> 0 | FP70: =IFERROR(S70*1,0)+IFERROR(AF70*1,0)+IFERROR(AS70*1,0)+IFERROR(BF70*1,0)+IFERROR(BS70*1,0)+IFERROR(CF70*1,0)+IFERROR(CS70*1,0)+IFERROR(DF70*1,0)+IFERROR(DS70*1,0)+IFERROR(EF70*1,0)+IFERROR(ES70*1,0)+IFERROR(FF70*1,0) -> 0 | FQ70: =IFERROR(T70*1,0)+IFERROR(AG70*1,0)+IFERROR(AT70*1,0)+IFERROR(BG70*1,0)+IFERROR(BT70*1,0)+IFERROR(CG70*1,0)+IFERROR(CT70*1,0)+IFERROR(DG70*1,0)+IFERROR(DT70*1,0)+IFERROR(EG70*1,0)+IFERROR(ET70*1,0)+IFERROR(FG70*1,0) -> 0 | FR70: =IFERROR(U70*1,0)+IFERROR(AH70*1,0)+IFERROR(AU70*1,0)+IFERROR(BH70*1,0)+IFERROR(BU70*1,0)+IFERROR(CH70*1,0)+IFERROR(CU70*1,0)+IFERROR(DH70*1,0)+IFERROR(DU70*1,0)+IFERROR(EH70*1,0)+IFERROR(EU70*1,0)+IFERROR(FH70*1,0) -> 0 | FS70: =IFERROR(V70*1,0)+IFERROR(AI70*1,0)+IFERROR(AV70*1,0)+IFERROR(BI70*1,0)+IFERROR(BV70*1,0)+IFERROR(CI70*1,0)+IFERROR(CV70*1,0)+IFERROR(DI70*1,0)+IFERROR(DV70*1,0)+IFERROR(EI70*1,0)+IFERROR(EV70*1,0)+IFERROR(FI70*1,0) -> 0 | FT70: =IFERROR(W70*1,0)+IFERROR(AJ70*1,0)+IFERROR(AW70*1,0)+IFERROR(BJ70*1,0)+IFERROR(BW70*1,0)+IFERROR(CJ70*1,0)+IFERROR(CW70*1,0)+IFERROR(DJ70*1,0)+IFERROR(DW70*1,0)+IFERROR(EJ70*1,0)+IFERROR(EW70*1,0)+IFERROR(FJ70*1,0) -> 0 | FU70: =IFERROR(X70*1,0)+IFERROR(AK70*1,0)+IFERROR(AX70*1,0)+IFERROR(BK70*1,0)+IFERROR(BX70*1,0)+IFERROR(CK70*1,0)+IFERROR(CX70*1,0)+IFERROR(DK70*1,0)+IFERROR(DX70*1,0)+IFERROR(EK70*1,0)+IFERROR(EX70*1,0)+IFERROR(FK70*1,0) -> 0 | FV70: =IFERROR(Y70*1,0)+IFERROR(AL70*1,0)+IFERROR(AY70*1,0)+IFERROR(BL70*1,0)+IFERROR(BY70*1,0)+IFERROR(CL70*1,0)+IFERROR(CY70*1,0)+IFERROR(DL70*1,0)+IFERROR(DY70*1,0)+IFERROR(EL70*1,0)+IFERROR(EY70*1,0)+IFERROR(FL70*1,0) -> 0 | FX70: =N70+IFERROR(FW70*1,0) -> 0
A71: =IF(C71<>"","DRG-"&TEXT(67,"000"),"") -> DRG-067 | B71: Bruger in Box | C71: Bruger in Box | D71: Brunche | E71: مخازن | F71: Cairo | L71: 4 | M71: =IF(N71>=4,"✔ Completed","✘ Pending") -> ✘ Pending | N71: =(P71="✔")+(AC71="✔")+(AP71="✔")+(BC71="✔")+(BP71="✔")+(CC71="✔")+(CP71="✔")+(DC71="✔")+(DP71="✔")+(EC71="✔")+(EP71="✔")+(FC71="✔") -> 0 | FO71: =IFERROR(R71*1,0)+IFERROR(AE71*1,0)+IFERROR(AR71*1,0)+IFERROR(BE71*1,0)+IFERROR(BR71*1,0)+IFERROR(CE71*1,0)+IFERROR(CR71*1,0)+IFERROR(DE71*1,0)+IFERROR(DR71*1,0)+IFERROR(EE71*1,0)+IFERROR(ER71*1,0)+IFERROR(FE71*1,0) -> 0 | FP71: =IFERROR(S71*1,0)+IFERROR(AF71*1,0)+IFERROR(AS71*1,0)+IFERROR(BF71*1,0)+IFERROR(BS71*1,0)+IFERROR(CF71*1,0)+IFERROR(CS71*1,0)+IFERROR(DF71*1,0)+IFERROR(DS71*1,0)+IFERROR(EF71*1,0)+IFERROR(ES71*1,0)+IFERROR(FF71*1,0) -> 0 | FQ71: =IFERROR(T71*1,0)+IFERROR(AG71*1,0)+IFERROR(AT71*1,0)+IFERROR(BG71*1,0)+IFERROR(BT71*1,0)+IFERROR(CG71*1,0)+IFERROR(CT71*1,0)+IFERROR(DG71*1,0)+IFERROR(DT71*1,0)+IFERROR(EG71*1,0)+IFERROR(ET71*1,0)+IFERROR(FG71*1,0) -> 0 | FR71: =IFERROR(U71*1,0)+IFERROR(AH71*1,0)+IFERROR(AU71*1,0)+IFERROR(BH71*1,0)+IFERROR(BU71*1,0)+IFERROR(CH71*1,0)+IFERROR(CU71*1,0)+IFERROR(DH71*1,0)+IFERROR(DU71*1,0)+IFERROR(EH71*1,0)+IFERROR(EU71*1,0)+IFERROR(FH71*1,0) -> 0 | FS71: =IFERROR(V71*1,0)+IFERROR(AI71*1,0)+IFERROR(AV71*1,0)+IFERROR(BI71*1,0)+IFERROR(BV71*1,0)+IFERROR(CI71*1,0)+IFERROR(CV71*1,0)+IFERROR(DI71*1,0)+IFERROR(DV71*1,0)+IFERROR(EI71*1,0)+IFERROR(EV71*1,0)+IFERROR(FI71*1,0) -> 0 | FT71: =IFERROR(W71*1,0)+IFERROR(AJ71*1,0)+IFERROR(AW71*1,0)+IFERROR(BJ71*1,0)+IFERROR(BW71*1,0)+IFERROR(CJ71*1,0)+IFERROR(CW71*1,0)+IFERROR(DJ71*1,0)+IFERROR(DW71*1,0)+IFERROR(EJ71*1,0)+IFERROR(EW71*1,0)+IFERROR(FJ71*1,0) -> 0 | FU71: =IFERROR(X71*1,0)+IFERROR(AK71*1,0)+IFERROR(AX71*1,0)+IFERROR(BK71*1,0)+IFERROR(BX71*1,0)+IFERROR(CK71*1,0)+IFERROR(CX71*1,0)+IFERROR(DK71*1,0)+IFERROR(DX71*1,0)+IFERROR(EK71*1,0)+IFERROR(EX71*1,0)+IFERROR(FK71*1,0) -> 0 | FV71: =IFERROR(Y71*1,0)+IFERROR(AL71*1,0)+IFERROR(AY71*1,0)+IFERROR(BL71*1,0)+IFERROR(BY71*1,0)+IFERROR(CL71*1,0)+IFERROR(CY71*1,0)+IFERROR(DL71*1,0)+IFERROR(DY71*1,0)+IFERROR(EL71*1,0)+IFERROR(EY71*1,0)+IFERROR(FL71*1,0) -> 0 | FX71: =N71+IFERROR(FW71*1,0) -> 0
A72: =IF(C72<>"","DRG-"&TEXT(68,"000"),"") -> DRG-068 | B72: Ahmed Nada | C72: DoDz | D72: Brunche | E72: مدينه نصر | F72: Cairo | L72: 4 | M72: =IF(N72>=4,"✔ Completed","✘ Pending") -> ✘ Pending | N72: =(P72="✔")+(AC72="✔")+(AP72="✔")+(BC72="✔")+(BP72="✔")+(CC72="✔")+(CP72="✔")+(DC72="✔")+(DP72="✔")+(EC72="✔")+(EP72="✔")+(FC72="✔") -> 0 | FO72: =IFERROR(R72*1,0)+IFERROR(AE72*1,0)+IFERROR(AR72*1,0)+IFERROR(BE72*1,0)+IFERROR(BR72*1,0)+IFERROR(CE72*1,0)+IFERROR(CR72*1,0)+IFERROR(DE72*1,0)+IFERROR(DR72*1,0)+IFERROR(EE72*1,0)+IFERROR(ER72*1,0)+IFERROR(FE72*1,0) -> 0 | FP72: =IFERROR(S72*1,0)+IFERROR(AF72*1,0)+IFERROR(AS72*1,0)+IFERROR(BF72*1,0)+IFERROR(BS72*1,0)+IFERROR(CF72*1,0)+IFERROR(CS72*1,0)+IFERROR(DF72*1,0)+IFERROR(DS72*1,0)+IFERROR(EF72*1,0)+IFERROR(ES72*1,0)+IFERROR(FF72*1,0) -> 0 | FQ72: =IFERROR(T72*1,0)+IFERROR(AG72*1,0)+IFERROR(AT72*1,0)+IFERROR(BG72*1,0)+IFERROR(BT72*1,0)+IFERROR(CG72*1,0)+IFERROR(CT72*1,0)+IFERROR(DG72*1,0)+IFERROR(DT72*1,0)+IFERROR(EG72*1,0)+IFERROR(ET72*1,0)+IFERROR(FG72*1,0) -> 0 | FR72: =IFERROR(U72*1,0)+IFERROR(AH72*1,0)+IFERROR(AU72*1,0)+IFERROR(BH72*1,0)+IFERROR(BU72*1,0)+IFERROR(CH72*1,0)+IFERROR(CU72*1,0)+IFERROR(DH72*1,0)+IFERROR(DU72*1,0)+IFERROR(EH72*1,0)+IFERROR(EU72*1,0)+IFERROR(FH72*1,0) -> 0 | FS72: =IFERROR(V72*1,0)+IFERROR(AI72*1,0)+IFERROR(AV72*1,0)+IFERROR(BI72*1,0)+IFERROR(BV72*1,0)+IFERROR(CI72*1,0)+IFERROR(CV72*1,0)+IFERROR(DI72*1,0)+IFERROR(DV72*1,0)+IFERROR(EI72*1,0)+IFERROR(EV72*1,0)+IFERROR(FI72*1,0) -> 0 | FT72: =IFERROR(W72*1,0)+IFERROR(AJ72*1,0)+IFERROR(AW72*1,0)+IFERROR(BJ72*1,0)+IFERROR(BW72*1,0)+IFERROR(CJ72*1,0)+IFERROR(CW72*1,0)+IFERROR(DJ72*1,0)+IFERROR(DW72*1,0)+IFERROR(EJ72*1,0)+IFERROR(EW72*1,0)+IFERROR(FJ72*1,0) -> 0 | FU72: =IFERROR(X72*1,0)+IFERROR(AK72*1,0)+IFERROR(AX72*1,0)+IFERROR(BK72*1,0)+IFERROR(BX72*1,0)+IFERROR(CK72*1,0)+IFERROR(CX72*1,0)+IFERROR(DK72*1,0)+IFERROR(DX72*1,0)+IFERROR(EK72*1,0)+IFERROR(EX72*1,0)+IFERROR(FK72*1,0) -> 0 | FV72: =IFERROR(Y72*1,0)+IFERROR(AL72*1,0)+IFERROR(AY72*1,0)+IFERROR(BL72*1,0)+IFERROR(BY72*1,0)+IFERROR(CL72*1,0)+IFERROR(CY72*1,0)+IFERROR(DL72*1,0)+IFERROR(DY72*1,0)+IFERROR(EL72*1,0)+IFERROR(EY72*1,0)+IFERROR(FL72*1,0) -> 0 | FX72: =N72+IFERROR(FW72*1,0) -> 0
A73: =IF(C73<>"","DRG-"&TEXT(69,"000"),"") -> DRG-069 | B73: Ahmed Nada | C73: DoDz | D73: Brunche | E73: ألماظه | F73: Cairo | L73: 4 | M73: =IF(N73>=4,"✔ Completed","✘ Pending") -> ✘ Pending | N73: =(P73="✔")+(AC73="✔")+(AP73="✔")+(BC73="✔")+(BP73="✔")+(CC73="✔")+(CP73="✔")+(DC73="✔")+(DP73="✔")+(EC73="✔")+(EP73="✔")+(FC73="✔") -> 0 | FO73: =IFERROR(R73*1,0)+IFERROR(AE73*1,0)+IFERROR(AR73*1,0)+IFERROR(BE73*1,0)+IFERROR(BR73*1,0)+IFERROR(CE73*1,0)+IFERROR(CR73*1,0)+IFERROR(DE73*1,0)+IFERROR(DR73*1,0)+IFERROR(EE73*1,0)+IFERROR(ER73*1,0)+IFERROR(FE73*1,0) -> 0 | FP73: =IFERROR(S73*1,0)+IFERROR(AF73*1,0)+IFERROR(AS73*1,0)+IFERROR(BF73*1,0)+IFERROR(BS73*1,0)+IFERROR(CF73*1,0)+IFERROR(CS73*1,0)+IFERROR(DF73*1,0)+IFERROR(DS73*1,0)+IFERROR(EF73*1,0)+IFERROR(ES73*1,0)+IFERROR(FF73*1,0) -> 0 | FQ73: =IFERROR(T73*1,0)+IFERROR(AG73*1,0)+IFERROR(AT73*1,0)+IFERROR(BG73*1,0)+IFERROR(BT73*1,0)+IFERROR(CG73*1,0)+IFERROR(CT73*1,0)+IFERROR(DG73*1,0)+IFERROR(DT73*1,0)+IFERROR(EG73*1,0)+IFERROR(ET73*1,0)+IFERROR(FG73*1,0) -> 0 | FR73: =IFERROR(U73*1,0)+IFERROR(AH73*1,0)+IFERROR(AU73*1,0)+IFERROR(BH73*1,0)+IFERROR(BU73*1,0)+IFERROR(CH73*1,0)+IFERROR(CU73*1,0)+IFERROR(DH73*1,0)+IFERROR(DU73*1,0)+IFERROR(EH73*1,0)+IFERROR(EU73*1,0)+IFERROR(FH73*1,0) -> 0 | FS73: =IFERROR(V73*1,0)+IFERROR(AI73*1,0)+IFERROR(AV73*1,0)+IFERROR(BI73*1,0)+IFERROR(BV73*1,0)+IFERROR(CI73*1,0)+IFERROR(CV73*1,0)+IFERROR(DI73*1,0)+IFERROR(DV73*1,0)+IFERROR(EI73*1,0)+IFERROR(EV73*1,0)+IFERROR(FI73*1,0) -> 0 | FT73: =IFERROR(W73*1,0)+IFERROR(AJ73*1,0)+IFERROR(AW73*1,0)+IFERROR(BJ73*1,0)+IFERROR(BW73*1,0)+IFERROR(CJ73*1,0)+IFERROR(CW73*1,0)+IFERROR(DJ73*1,0)+IFERROR(DW73*1,0)+IFERROR(EJ73*1,0)+IFERROR(EW73*1,0)+IFERROR(FJ73*1,0) -> 0 | FU73: =IFERROR(X73*1,0)+IFERROR(AK73*1,0)+IFERROR(AX73*1,0)+IFERROR(BK73*1,0)+IFERROR(BX73*1,0)+IFERROR(CK73*1,0)+IFERROR(CX73*1,0)+IFERROR(DK73*1,0)+IFERROR(DX73*1,0)+IFERROR(EK73*1,0)+IFERROR(EX73*1,0)+IFERROR(FK73*1,0) -> 0 | FV73: =IFERROR(Y73*1,0)+IFERROR(AL73*1,0)+IFERROR(AY73*1,0)+IFERROR(BL73*1,0)+IFERROR(BY73*1,0)+IFERROR(CL73*1,0)+IFERROR(CY73*1,0)+IFERROR(DL73*1,0)+IFERROR(DY73*1,0)+IFERROR(EL73*1,0)+IFERROR(EY73*1,0)+IFERROR(FL73*1,0) -> 0 | FX73: =N73+IFERROR(FW73*1,0) -> 0
A74: =IF(C74<>"","DRG-"&TEXT(70,"000"),"") -> DRG-070 | B74: Ahmed Nada | C74: DoDz | D74: Brunche | E74: النعام | F74: Cairo | L74: 4 | M74: =IF(N74>=4,"✔ Completed","✘ Pending") -> ✘ Pending | N74: =(P74="✔")+(AC74="✔")+(AP74="✔")+(BC74="✔")+(BP74="✔")+(CC74="✔")+(CP74="✔")+(DC74="✔")+(DP74="✔")+(EC74="✔")+(EP74="✔")+(FC74="✔") -> 0 | FO74: =IFERROR(R74*1,0)+IFERROR(AE74*1,0)+IFERROR(AR74*1,0)+IFERROR(BE74*1,0)+IFERROR(BR74*1,0)+IFERROR(CE74*1,0)+IFERROR(CR74*1,0)+IFERROR(DE74*1,0)+IFERROR(DR74*1,0)+IFERROR(EE74*1,0)+IFERROR(ER74*1,0)+IFERROR(FE74*1,0) -> 0 | FP74: =IFERROR(S74*1,0)+IFERROR(AF74*1,0)+IFERROR(AS74*1,0)+IFERROR(BF74*1,0)+IFERROR(BS74*1,0)+IFERROR(CF74*1,0)+IFERROR(CS74*1,0)+IFERROR(DF74*1,0)+IFERROR(DS74*1,0)+IFERROR(EF74*1,0)+IFERROR(ES74*1,0)+IFERROR(FF74*1,0) -> 0 | FQ74: =IFERROR(T74*1,0)+IFERROR(AG74*1,0)+IFERROR(AT74*1,0)+IFERROR(BG74*1,0)+IFERROR(BT74*1,0)+IFERROR(CG74*1,0)+IFERROR(CT74*1,0)+IFERROR(DG74*1,0)+IFERROR(DT74*1,0)+IFERROR(EG74*1,0)+IFERROR(ET74*1,0)+IFERROR(FG74*1,0) -> 0 | FR74: =IFERROR(U74*1,0)+IFERROR(AH74*1,0)+IFERROR(AU74*1,0)+IFERROR(BH74*1,0)+IFERROR(BU74*1,0)+IFERROR(CH74*1,0)+IFERROR(CU74*1,0)+IFERROR(DH74*1,0)+IFERROR(DU74*1,0)+IFERROR(EH74*1,0)+IFERROR(EU74*1,0)+IFERROR(FH74*1,0) -> 0 | FS74: =IFERROR(V74*1,0)+IFERROR(AI74*1,0)+IFERROR(AV74*1,0)+IFERROR(BI74*1,0)+IFERROR(BV74*1,0)+IFERROR(CI74*1,0)+IFERROR(CV74*1,0)+IFERROR(DI74*1,0)+IFERROR(DV74*1,0)+IFERROR(EI74*1,0)+IFERROR(EV74*1,0)+IFERROR(FI74*1,0) -> 0 | FT74: =IFERROR(W74*1,0)+IFERROR(AJ74*1,0)+IFERROR(AW74*1,0)+IFERROR(BJ74*1,0)+IFERROR(BW74*1,0)+IFERROR(CJ74*1,0)+IFERROR(CW74*1,0)+IFERROR(DJ74*1,0)+IFERROR(DW74*1,0)+IFERROR(EJ74*1,0)+IFERROR(EW74*1,0)+IFERROR(FJ74*1,0) -> 0 | FU74: =IFERROR(X74*1,0)+IFERROR(AK74*1,0)+IFERROR(AX74*1,0)+IFERROR(BK74*1,0)+IFERROR(BX74*1,0)+IFERROR(CK74*1,0)+IFERROR(CX74*1,0)+IFERROR(DK74*1,0)+IFERROR(DX74*1,0)+IFERROR(EK74*1,0)+IFERROR(EX74*1,0)+IFERROR(FK74*1,0) -> 0 | FV74: =IFERROR(Y74*1,0)+IFERROR(AL74*1,0)+IFERROR(AY74*1,0)+IFERROR(BL74*1,0)+IFERROR(BY74*1,0)+IFERROR(CL74*1,0)+IFERROR(CY74*1,0)+IFERROR(DL74*1,0)+IFERROR(DY74*1,0)+IFERROR(EL74*1,0)+IFERROR(EY74*1,0)+IFERROR(FL74*1,0) -> 0 | FX74: =N74+IFERROR(FW74*1,0) -> 0
A75: =IF(C75<>"","DRG-"&TEXT(71,"000"),"") -> DRG-071 | B75: Ahmed Nada | C75: DoDz | D75: Brunche | E75: السرايا مول | F75: Cairo | L75: 4 | M75: =IF(N75>=4,"✔ Completed","✘ Pending") -> ✘ Pending | N75: =(P75="✔")+(AC75="✔")+(AP75="✔")+(BC75="✔")+(BP75="✔")+(CC75="✔")+(CP75="✔")+(DC75="✔")+(DP75="✔")+(EC75="✔")+(EP75="✔")+(FC75="✔") -> 0 | FO75: =IFERROR(R75*1,0)+IFERROR(AE75*1,0)+IFERROR(AR75*1,0)+IFERROR(BE75*1,0)+IFERROR(BR75*1,0)+IFERROR(CE75*1,0)+IFERROR(CR75*1,0)+IFERROR(DE75*1,0)+IFERROR(DR75*1,0)+IFERROR(EE75*1,0)+IFERROR(ER75*1,0)+IFERROR(FE75*1,0) -> 0 | FP75: =IFERROR(S75*1,0)+IFERROR(AF75*1,0)+IFERROR(AS75*1,0)+IFERROR(BF75*1,0)+IFERROR(BS75*1,0)+IFERROR(CF75*1,0)+IFERROR(CS75*1,0)+IFERROR(DF75*1,0)+IFERROR(DS75*1,0)+IFERROR(EF75*1,0)+IFERROR(ES75*1,0)+IFERROR(FF75*1,0) -> 0 | FQ75: =IFERROR(T75*1,0)+IFERROR(AG75*1,0)+IFERROR(AT75*1,0)+IFERROR(BG75*1,0)+IFERROR(BT75*1,0)+IFERROR(CG75*1,0)+IFERROR(CT75*1,0)+IFERROR(DG75*1,0)+IFERROR(DT75*1,0)+IFERROR(EG75*1,0)+IFERROR(ET75*1,0)+IFERROR(FG75*1,0) -> 0 | FR75: =IFERROR(U75*1,0)+IFERROR(AH75*1,0)+IFERROR(AU75*1,0)+IFERROR(BH75*1,0)+IFERROR(BU75*1,0)+IFERROR(CH75*1,0)+IFERROR(CU75*1,0)+IFERROR(DH75*1,0)+IFERROR(DU75*1,0)+IFERROR(EH75*1,0)+IFERROR(EU75*1,0)+IFERROR(FH75*1,0) -> 0 | FS75: =IFERROR(V75*1,0)+IFERROR(AI75*1,0)+IFERROR(AV75*1,0)+IFERROR(BI75*1,0)+IFERROR(BV75*1,0)+IFERROR(CI75*1,0)+IFERROR(CV75*1,0)+IFERROR(DI75*1,0)+IFERROR(DV75*1,0)+IFERROR(EI75*1,0)+IFERROR(EV75*1,0)+IFERROR(FI75*1,0) -> 0 | FT75: =IFERROR(W75*1,0)+IFERROR(AJ75*1,0)+IFERROR(AW75*1,0)+IFERROR(BJ75*1,0)+IFERROR(BW75*1,0)+IFERROR(CJ75*1,0)+IFERROR(CW75*1,0)+IFERROR(DJ75*1,0)+IFERROR(DW75*1,0)+IFERROR(EJ75*1,0)+IFERROR(EW75*1,0)+IFERROR(FJ75*1,0) -> 0 | FU75: =IFERROR(X75*1,0)+IFERROR(AK75*1,0)+IFERROR(AX75*1,0)+IFERROR(BK75*1,0)+IFERROR(BX75*1,0)+IFERROR(CK75*1,0)+IFERROR(CX75*1,0)+IFERROR(DK75*1,0)+IFERROR(DX75*1,0)+IFERROR(EK75*1,0)+IFERROR(EX75*1,0)+IFERROR(FK75*1,0) -> 0 | FV75: =IFERROR(Y75*1,0)+IFERROR(AL75*1,0)+IFERROR(AY75*1,0)+IFERROR(BL75*1,0)+IFERROR(BY75*1,0)+IFERROR(CL75*1,0)+IFERROR(CY75*1,0)+IFERROR(DL75*1,0)+IFERROR(DY75*1,0)+IFERROR(EL75*1,0)+IFERROR(EY75*1,0)+IFERROR(FL75*1,0) -> 0 | FX75: =N75+IFERROR(FW75*1,0) -> 0
A76: =IF(C76<>"","DRG-"&TEXT(72,"000"),"") -> DRG-072 | B76: Ahmed Nada | C76: DoDz | D76: Brunche | E76: الصوصات | F76: Cairo | L76: 4 | M76: =IF(N76>=4,"✔ Completed","✘ Pending") -> ✘ Pending | N76: =(P76="✔")+(AC76="✔")+(AP76="✔")+(BC76="✔")+(BP76="✔")+(CC76="✔")+(CP76="✔")+(DC76="✔")+(DP76="✔")+(EC76="✔")+(EP76="✔")+(FC76="✔") -> 0 | FO76: =IFERROR(R76*1,0)+IFERROR(AE76*1,0)+IFERROR(AR76*1,0)+IFERROR(BE76*1,0)+IFERROR(BR76*1,0)+IFERROR(CE76*1,0)+IFERROR(CR76*1,0)+IFERROR(DE76*1,0)+IFERROR(DR76*1,0)+IFERROR(EE76*1,0)+IFERROR(ER76*1,0)+IFERROR(FE76*1,0) -> 0 | FP76: =IFERROR(S76*1,0)+IFERROR(AF76*1,0)+IFERROR(AS76*1,0)+IFERROR(BF76*1,0)+IFERROR(BS76*1,0)+IFERROR(CF76*1,0)+IFERROR(CS76*1,0)+IFERROR(DF76*1,0)+IFERROR(DS76*1,0)+IFERROR(EF76*1,0)+IFERROR(ES76*1,0)+IFERROR(FF76*1,0) -> 0 | FQ76: =IFERROR(T76*1,0)+IFERROR(AG76*1,0)+IFERROR(AT76*1,0)+IFERROR(BG76*1,0)+IFERROR(BT76*1,0)+IFERROR(CG76*1,0)+IFERROR(CT76*1,0)+IFERROR(DG76*1,0)+IFERROR(DT76*1,0)+IFERROR(EG76*1,0)+IFERROR(ET76*1,0)+IFERROR(FG76*1,0) -> 0 | FR76: =IFERROR(U76*1,0)+IFERROR(AH76*1,0)+IFERROR(AU76*1,0)+IFERROR(BH76*1,0)+IFERROR(BU76*1,0)+IFERROR(CH76*1,0)+IFERROR(CU76*1,0)+IFERROR(DH76*1,0)+IFERROR(DU76*1,0)+IFERROR(EH76*1,0)+IFERROR(EU76*1,0)+IFERROR(FH76*1,0) -> 0 | FS76: =IFERROR(V76*1,0)+IFERROR(AI76*1,0)+IFERROR(AV76*1,0)+IFERROR(BI76*1,0)+IFERROR(BV76*1,0)+IFERROR(CI76*1,0)+IFERROR(CV76*1,0)+IFERROR(DI76*1,0)+IFERROR(DV76*1,0)+IFERROR(EI76*1,0)+IFERROR(EV76*1,0)+IFERROR(FI76*1,0) -> 0 | FT76: =IFERROR(W76*1,0)+IFERROR(AJ76*1,0)+IFERROR(AW76*1,0)+IFERROR(BJ76*1,0)+IFERROR(BW76*1,0)+IFERROR(CJ76*1,0)+IFERROR(CW76*1,0)+IFERROR(DJ76*1,0)+IFERROR(DW76*1,0)+IFERROR(EJ76*1,0)+IFERROR(EW76*1,0)+IFERROR(FJ76*1,0) -> 0 | FU76: =IFERROR(X76*1,0)+IFERROR(AK76*1,0)+IFERROR(AX76*1,0)+IFERROR(BK76*1,0)+IFERROR(BX76*1,0)+IFERROR(CK76*1,0)+IFERROR(CX76*1,0)+IFERROR(DK76*1,0)+IFERROR(DX76*1,0)+IFERROR(EK76*1,0)+IFERROR(EX76*1,0)+IFERROR(FK76*1,0) -> 0 | FV76: =IFERROR(Y76*1,0)+IFERROR(AL76*1,0)+IFERROR(AY76*1,0)+IFERROR(BL76*1,0)+IFERROR(BY76*1,0)+IFERROR(CL76*1,0)+IFERROR(CY76*1,0)+IFERROR(DL76*1,0)+IFERROR(DY76*1,0)+IFERROR(EL76*1,0)+IFERROR(EY76*1,0)+IFERROR(FL76*1,0) -> 0 | FX76: =N76+IFERROR(FW76*1,0) -> 0
A77: =IF(C77<>"","DRG-"&TEXT(73,"000"),"") -> DRG-073 | B77: Ahmed Nada | C77: DoDz | D77: Brunche | E77: الثلاجه | F77: Cairo | L77: 4 | M77: =IF(N77>=4,"✔ Completed","✘ Pending") -> ✘ Pending | N77: =(P77="✔")+(AC77="✔")+(AP77="✔")+(BC77="✔")+(BP77="✔")+(CC77="✔")+(CP77="✔")+(DC77="✔")+(DP77="✔")+(EC77="✔")+(EP77="✔")+(FC77="✔") -> 0 | FO77: =IFERROR(R77*1,0)+IFERROR(AE77*1,0)+IFERROR(AR77*1,0)+IFERROR(BE77*1,0)+IFERROR(BR77*1,0)+IFERROR(CE77*1,0)+IFERROR(CR77*1,0)+IFERROR(DE77*1,0)+IFERROR(DR77*1,0)+IFERROR(EE77*1,0)+IFERROR(ER77*1,0)+IFERROR(FE77*1,0) -> 0 | FP77: =IFERROR(S77*1,0)+IFERROR(AF77*1,0)+IFERROR(AS77*1,0)+IFERROR(BF77*1,0)+IFERROR(BS77*1,0)+IFERROR(CF77*1,0)+IFERROR(CS77*1,0)+IFERROR(DF77*1,0)+IFERROR(DS77*1,0)+IFERROR(EF77*1,0)+IFERROR(ES77*1,0)+IFERROR(FF77*1,0) -> 0 | FQ77: =IFERROR(T77*1,0)+IFERROR(AG77*1,0)+IFERROR(AT77*1,0)+IFERROR(BG77*1,0)+IFERROR(BT77*1,0)+IFERROR(CG77*1,0)+IFERROR(CT77*1,0)+IFERROR(DG77*1,0)+IFERROR(DT77*1,0)+IFERROR(EG77*1,0)+IFERROR(ET77*1,0)+IFERROR(FG77*1,0) -> 0 | FR77: =IFERROR(U77*1,0)+IFERROR(AH77*1,0)+IFERROR(AU77*1,0)+IFERROR(BH77*1,0)+IFERROR(BU77*1,0)+IFERROR(CH77*1,0)+IFERROR(CU77*1,0)+IFERROR(DH77*1,0)+IFERROR(DU77*1,0)+IFERROR(EH77*1,0)+IFERROR(EU77*1,0)+IFERROR(FH77*1,0) -> 0 | FS77: =IFERROR(V77*1,0)+IFERROR(AI77*1,0)+IFERROR(AV77*1,0)+IFERROR(BI77*1,0)+IFERROR(BV77*1,0)+IFERROR(CI77*1,0)+IFERROR(CV77*1,0)+IFERROR(DI77*1,0)+IFERROR(DV77*1,0)+IFERROR(EI77*1,0)+IFERROR(EV77*1,0)+IFERROR(FI77*1,0) -> 0 | FT77: =IFERROR(W77*1,0)+IFERROR(AJ77*1,0)+IFERROR(AW77*1,0)+IFERROR(BJ77*1,0)+IFERROR(BW77*1,0)+IFERROR(CJ77*1,0)+IFERROR(CW77*1,0)+IFERROR(DJ77*1,0)+IFERROR(DW77*1,0)+IFERROR(EJ77*1,0)+IFERROR(EW77*1,0)+IFERROR(FJ77*1,0) -> 0 | FU77: =IFERROR(X77*1,0)+IFERROR(AK77*1,0)+IFERROR(AX77*1,0)+IFERROR(BK77*1,0)+IFERROR(BX77*1,0)+IFERROR(CK77*1,0)+IFERROR(CX77*1,0)+IFERROR(DK77*1,0)+IFERROR(DX77*1,0)+IFERROR(EK77*1,0)+IFERROR(EX77*1,0)+IFERROR(FK77*1,0) -> 0 | FV77: =IFERROR(Y77*1,0)+IFERROR(AL77*1,0)+IFERROR(AY77*1,0)+IFERROR(BL77*1,0)+IFERROR(BY77*1,0)+IFERROR(CL77*1,0)+IFERROR(CY77*1,0)+IFERROR(DL77*1,0)+IFERROR(DY77*1,0)+IFERROR(EL77*1,0)+IFERROR(EY77*1,0)+IFERROR(FL77*1,0) -> 0 | FX77: =N77+IFERROR(FW77*1,0) -> 0
A78: =IF(C78<>"","DRG-"&TEXT(74,"000"),"") -> DRG-074 | B78: Ahmed Nada | C78: Ahmed Nada | D78: Brunche | E78: أحمد عصمت | F78: Cairo | L78: 4 | M78: =IF(N78>=4,"✔ Completed","✘ Pending") -> ✘ Pending | N78: =(P78="✔")+(AC78="✔")+(AP78="✔")+(BC78="✔")+(BP78="✔")+(CC78="✔")+(CP78="✔")+(DC78="✔")+(DP78="✔")+(EC78="✔")+(EP78="✔")+(FC78="✔") -> 0 | FO78: =IFERROR(R78*1,0)+IFERROR(AE78*1,0)+IFERROR(AR78*1,0)+IFERROR(BE78*1,0)+IFERROR(BR78*1,0)+IFERROR(CE78*1,0)+IFERROR(CR78*1,0)+IFERROR(DE78*1,0)+IFERROR(DR78*1,0)+IFERROR(EE78*1,0)+IFERROR(ER78*1,0)+IFERROR(FE78*1,0) -> 0 | FP78: =IFERROR(S78*1,0)+IFERROR(AF78*1,0)+IFERROR(AS78*1,0)+IFERROR(BF78*1,0)+IFERROR(BS78*1,0)+IFERROR(CF78*1,0)+IFERROR(CS78*1,0)+IFERROR(DF78*1,0)+IFERROR(DS78*1,0)+IFERROR(EF78*1,0)+IFERROR(ES78*1,0)+IFERROR(FF78*1,0) -> 0 | FQ78: =IFERROR(T78*1,0)+IFERROR(AG78*1,0)+IFERROR(AT78*1,0)+IFERROR(BG78*1,0)+IFERROR(BT78*1,0)+IFERROR(CG78*1,0)+IFERROR(CT78*1,0)+IFERROR(DG78*1,0)+IFERROR(DT78*1,0)+IFERROR(EG78*1,0)+IFERROR(ET78*1,0)+IFERROR(FG78*1,0) -> 0 | FR78: =IFERROR(U78*1,0)+IFERROR(AH78*1,0)+IFERROR(AU78*1,0)+IFERROR(BH78*1,0)+IFERROR(BU78*1,0)+IFERROR(CH78*1,0)+IFERROR(CU78*1,0)+IFERROR(DH78*1,0)+IFERROR(DU78*1,0)+IFERROR(EH78*1,0)+IFERROR(EU78*1,0)+IFERROR(FH78*1,0) -> 0 | FS78: =IFERROR(V78*1,0)+IFERROR(AI78*1,0)+IFERROR(AV78*1,0)+IFERROR(BI78*1,0)+IFERROR(BV78*1,0)+IFERROR(CI78*1,0)+IFERROR(CV78*1,0)+IFERROR(DI78*1,0)+IFERROR(DV78*1,0)+IFERROR(EI78*1,0)+IFERROR(EV78*1,0)+IFERROR(FI78*1,0) -> 0 | FT78: =IFERROR(W78*1,0)+IFERROR(AJ78*1,0)+IFERROR(AW78*1,0)+IFERROR(BJ78*1,0)+IFERROR(BW78*1,0)+IFERROR(CJ78*1,0)+IFERROR(CW78*1,0)+IFERROR(DJ78*1,0)+IFERROR(DW78*1,0)+IFERROR(EJ78*1,0)+IFERROR(EW78*1,0)+IFERROR(FJ78*1,0) -> 0 | FU78: =IFERROR(X78*1,0)+IFERROR(AK78*1,0)+IFERROR(AX78*1,0)+IFERROR(BK78*1,0)+IFERROR(BX78*1,0)+IFERROR(CK78*1,0)+IFERROR(CX78*1,0)+IFERROR(DK78*1,0)+IFERROR(DX78*1,0)+IFERROR(EK78*1,0)+IFERROR(EX78*1,0)+IFERROR(FK78*1,0) -> 0 | FV78: =IFERROR(Y78*1,0)+IFERROR(AL78*1,0)+IFERROR(AY78*1,0)+IFERROR(BL78*1,0)+IFERROR(BY78*1,0)+IFERROR(CL78*1,0)+IFERROR(CY78*1,0)+IFERROR(DL78*1,0)+IFERROR(DY78*1,0)+IFERROR(EL78*1,0)+IFERROR(EY78*1,0)+IFERROR(FL78*1,0) -> 0 | FX78: =N78+IFERROR(FW78*1,0) -> 0
A79: =IF(C79<>"","DRG-"&TEXT(75,"000"),"") -> DRG-075 | B79: Ahmed Nada | C79: Ahmed Nada | D79: Brunche | E79: النعام | F79: Cairo | L79: 4 | M79: =IF(N79>=4,"✔ Completed","✘ Pending") -> ✘ Pending | N79: =(P79="✔")+(AC79="✔")+(AP79="✔")+(BC79="✔")+(BP79="✔")+(CC79="✔")+(CP79="✔")+(DC79="✔")+(DP79="✔")+(EC79="✔")+(EP79="✔")+(FC79="✔") -> 0 | FO79: =IFERROR(R79*1,0)+IFERROR(AE79*1,0)+IFERROR(AR79*1,0)+IFERROR(BE79*1,0)+IFERROR(BR79*1,0)+IFERROR(CE79*1,0)+IFERROR(CR79*1,0)+IFERROR(DE79*1,0)+IFERROR(DR79*1,0)+IFERROR(EE79*1,0)+IFERROR(ER79*1,0)+IFERROR(FE79*1,0) -> 0 | FP79: =IFERROR(S79*1,0)+IFERROR(AF79*1,0)+IFERROR(AS79*1,0)+IFERROR(BF79*1,0)+IFERROR(BS79*1,0)+IFERROR(CF79*1,0)+IFERROR(CS79*1,0)+IFERROR(DF79*1,0)+IFERROR(DS79*1,0)+IFERROR(EF79*1,0)+IFERROR(ES79*1,0)+IFERROR(FF79*1,0) -> 0 | FQ79: =IFERROR(T79*1,0)+IFERROR(AG79*1,0)+IFERROR(AT79*1,0)+IFERROR(BG79*1,0)+IFERROR(BT79*1,0)+IFERROR(CG79*1,0)+IFERROR(CT79*1,0)+IFERROR(DG79*1,0)+IFERROR(DT79*1,0)+IFERROR(EG79*1,0)+IFERROR(ET79*1,0)+IFERROR(FG79*1,0) -> 0 | FR79: =IFERROR(U79*1,0)+IFERROR(AH79*1,0)+IFERROR(AU79*1,0)+IFERROR(BH79*1,0)+IFERROR(BU79*1,0)+IFERROR(CH79*1,0)+IFERROR(CU79*1,0)+IFERROR(DH79*1,0)+IFERROR(DU79*1,0)+IFERROR(EH79*1,0)+IFERROR(EU79*1,0)+IFERROR(FH79*1,0) -> 0 | FS79: =IFERROR(V79*1,0)+IFERROR(AI79*1,0)+IFERROR(AV79*1,0)+IFERROR(BI79*1,0)+IFERROR(BV79*1,0)+IFERROR(CI79*1,0)+IFERROR(CV79*1,0)+IFERROR(DI79*1,0)+IFERROR(DV79*1,0)+IFERROR(EI79*1,0)+IFERROR(EV79*1,0)+IFERROR(FI79*1,0) -> 0 | FT79: =IFERROR(W79*1,0)+IFERROR(AJ79*1,0)+IFERROR(AW79*1,0)+IFERROR(BJ79*1,0)+IFERROR(BW79*1,0)+IFERROR(CJ79*1,0)+IFERROR(CW79*1,0)+IFERROR(DJ79*1,0)+IFERROR(DW79*1,0)+IFERROR(EJ79*1,0)+IFERROR(EW79*1,0)+IFERROR(FJ79*1,0) -> 0 | FU79: =IFERROR(X79*1,0)+IFERROR(AK79*1,0)+IFERROR(AX79*1,0)+IFERROR(BK79*1,0)+IFERROR(BX79*1,0)+IFERROR(CK79*1,0)+IFERROR(CX79*1,0)+IFERROR(DK79*1,0)+IFERROR(DX79*1,0)+IFERROR(EK79*1,0)+IFERROR(EX79*1,0)+IFERROR(FK79*1,0) -> 0 | FV79: =IFERROR(Y79*1,0)+IFERROR(AL79*1,0)+IFERROR(AY79*1,0)+IFERROR(BL79*1,0)+IFERROR(BY79*1,0)+IFERROR(CL79*1,0)+IFERROR(CY79*1,0)+IFERROR(DL79*1,0)+IFERROR(DY79*1,0)+IFERROR(EL79*1,0)+IFERROR(EY79*1,0)+IFERROR(FL79*1,0) -> 0 | FX79: =N79+IFERROR(FW79*1,0) -> 0
A80: =IF(C80<>"","DRG-"&TEXT(76,"000"),"") -> DRG-076 | B80: Ahmed Nada | C80: Ahmed Nada | D80: Brunche | E80: مصر الجديدة | F80: Cairo | L80: 4 | M80: =IF(N80>=4,"✔ Completed","✘ Pending") -> ✘ Pending | N80: =(P80="✔")+(AC80="✔")+(AP80="✔")+(BC80="✔")+(BP80="✔")+(CC80="✔")+(CP80="✔")+(DC80="✔")+(DP80="✔")+(EC80="✔")+(EP80="✔")+(FC80="✔") -> 0 | FO80: =IFERROR(R80*1,0)+IFERROR(AE80*1,0)+IFERROR(AR80*1,0)+IFERROR(BE80*1,0)+IFERROR(BR80*1,0)+IFERROR(CE80*1,0)+IFERROR(CR80*1,0)+IFERROR(DE80*1,0)+IFERROR(DR80*1,0)+IFERROR(EE80*1,0)+IFERROR(ER80*1,0)+IFERROR(FE80*1,0) -> 0 | FP80: =IFERROR(S80*1,0)+IFERROR(AF80*1,0)+IFERROR(AS80*1,0)+IFERROR(BF80*1,0)+IFERROR(BS80*1,0)+IFERROR(CF80*1,0)+IFERROR(CS80*1,0)+IFERROR(DF80*1,0)+IFERROR(DS80*1,0)+IFERROR(EF80*1,0)+IFERROR(ES80*1,0)+IFERROR(FF80*1,0) -> 0 | FQ80: =IFERROR(T80*1,0)+IFERROR(AG80*1,0)+IFERROR(AT80*1,0)+IFERROR(BG80*1,0)+IFERROR(BT80*1,0)+IFERROR(CG80*1,0)+IFERROR(CT80*1,0)+IFERROR(DG80*1,0)+IFERROR(DT80*1,0)+IFERROR(EG80*1,0)+IFERROR(ET80*1,0)+IFERROR(FG80*1,0) -> 0 | FR80: =IFERROR(U80*1,0)+IFERROR(AH80*1,0)+IFERROR(AU80*1,0)+IFERROR(BH80*1,0)+IFERROR(BU80*1,0)+IFERROR(CH80*1,0)+IFERROR(CU80*1,0)+IFERROR(DH80*1,0)+IFERROR(DU80*1,0)+IFERROR(EH80*1,0)+IFERROR(EU80*1,0)+IFERROR(FH80*1,0) -> 0 | FS80: =IFERROR(V80*1,0)+IFERROR(AI80*1,0)+IFERROR(AV80*1,0)+IFERROR(BI80*1,0)+IFERROR(BV80*1,0)+IFERROR(CI80*1,0)+IFERROR(CV80*1,0)+IFERROR(DI80*1,0)+IFERROR(DV80*1,0)+IFERROR(EI80*1,0)+IFERROR(EV80*1,0)+IFERROR(FI80*1,0) -> 0 | FT80: =IFERROR(W80*1,0)+IFERROR(AJ80*1,0)+IFERROR(AW80*1,0)+IFERROR(BJ80*1,0)+IFERROR(BW80*1,0)+IFERROR(CJ80*1,0)+IFERROR(CW80*1,0)+IFERROR(DJ80*1,0)+IFERROR(DW80*1,0)+IFERROR(EJ80*1,0)+IFERROR(EW80*1,0)+IFERROR(FJ80*1,0) -> 0 | FU80: =IFERROR(X80*1,0)+IFERROR(AK80*1,0)+IFERROR(AX80*1,0)+IFERROR(BK80*1,0)+IFERROR(BX80*1,0)+IFERROR(CK80*1,0)+IFERROR(CX80*1,0)+IFERROR(DK80*1,0)+IFERROR(DX80*1,0)+IFERROR(EK80*1,0)+IFERROR(EX80*1,0)+IFERROR(FK80*1,0) -> 0 | FV80: =IFERROR(Y80*1,0)+IFERROR(AL80*1,0)+IFERROR(AY80*1,0)+IFERROR(BL80*1,0)+IFERROR(BY80*1,0)+IFERROR(CL80*1,0)+IFERROR(CY80*1,0)+IFERROR(DL80*1,0)+IFERROR(DY80*1,0)+IFERROR(EL80*1,0)+IFERROR(EY80*1,0)+IFERROR(FL80*1,0) -> 0 | FX80: =N80+IFERROR(FW80*1,0) -> 0
A81: =IF(C81<>"","DRG-"&TEXT(77,"000"),"") -> DRG-077 | B81: Ahmed Nada | C81: Ahmed Nada | D81: Brunche | E81: السنتر | F81: Cairo | L81: 4 | M81: =IF(N81>=4,"✔ Completed","✘ Pending") -> ✘ Pending | N81: =(P81="✔")+(AC81="✔")+(AP81="✔")+(BC81="✔")+(BP81="✔")+(CC81="✔")+(CP81="✔")+(DC81="✔")+(DP81="✔")+(EC81="✔")+(EP81="✔")+(FC81="✔") -> 0 | FO81: =IFERROR(R81*1,0)+IFERROR(AE81*1,0)+IFERROR(AR81*1,0)+IFERROR(BE81*1,0)+IFERROR(BR81*1,0)+IFERROR(CE81*1,0)+IFERROR(CR81*1,0)+IFERROR(DE81*1,0)+IFERROR(DR81*1,0)+IFERROR(EE81*1,0)+IFERROR(ER81*1,0)+IFERROR(FE81*1,0) -> 0 | FP81: =IFERROR(S81*1,0)+IFERROR(AF81*1,0)+IFERROR(AS81*1,0)+IFERROR(BF81*1,0)+IFERROR(BS81*1,0)+IFERROR(CF81*1,0)+IFERROR(CS81*1,0)+IFERROR(DF81*1,0)+IFERROR(DS81*1,0)+IFERROR(EF81*1,0)+IFERROR(ES81*1,0)+IFERROR(FF81*1,0) -> 0 | FQ81: =IFERROR(T81*1,0)+IFERROR(AG81*1,0)+IFERROR(AT81*1,0)+IFERROR(BG81*1,0)+IFERROR(BT81*1,0)+IFERROR(CG81*1,0)+IFERROR(CT81*1,0)+IFERROR(DG81*1,0)+IFERROR(DT81*1,0)+IFERROR(EG81*1,0)+IFERROR(ET81*1,0)+IFERROR(FG81*1,0) -> 0 | FR81: =IFERROR(U81*1,0)+IFERROR(AH81*1,0)+IFERROR(AU81*1,0)+IFERROR(BH81*1,0)+IFERROR(BU81*1,0)+IFERROR(CH81*1,0)+IFERROR(CU81*1,0)+IFERROR(DH81*1,0)+IFERROR(DU81*1,0)+IFERROR(EH81*1,0)+IFERROR(EU81*1,0)+IFERROR(FH81*1,0) -> 0 | FS81: =IFERROR(V81*1,0)+IFERROR(AI81*1,0)+IFERROR(AV81*1,0)+IFERROR(BI81*1,0)+IFERROR(BV81*1,0)+IFERROR(CI81*1,0)+IFERROR(CV81*1,0)+IFERROR(DI81*1,0)+IFERROR(DV81*1,0)+IFERROR(EI81*1,0)+IFERROR(EV81*1,0)+IFERROR(FI81*1,0) -> 0 | FT81: =IFERROR(W81*1,0)+IFERROR(AJ81*1,0)+IFERROR(AW81*1,0)+IFERROR(BJ81*1,0)+IFERROR(BW81*1,0)+IFERROR(CJ81*1,0)+IFERROR(CW81*1,0)+IFERROR(DJ81*1,0)+IFERROR(DW81*1,0)+IFERROR(EJ81*1,0)+IFERROR(EW81*1,0)+IFERROR(FJ81*1,0) -> 0 | FU81: =IFERROR(X81*1,0)+IFERROR(AK81*1,0)+IFERROR(AX81*1,0)+IFERROR(BK81*1,0)+IFERROR(BX81*1,0)+IFERROR(CK81*1,0)+IFERROR(CX81*1,0)+IFERROR(DK81*1,0)+IFERROR(DX81*1,0)+IFERROR(EK81*1,0)+IFERROR(EX81*1,0)+IFERROR(FK81*1,0) -> 0 | FV81: =IFERROR(Y81*1,0)+IFERROR(AL81*1,0)+IFERROR(AY81*1,0)+IFERROR(BL81*1,0)+IFERROR(BY81*1,0)+IFERROR(CL81*1,0)+IFERROR(CY81*1,0)+IFERROR(DL81*1,0)+IFERROR(DY81*1,0)+IFERROR(EL81*1,0)+IFERROR(EY81*1,0)+IFERROR(FL81*1,0) -> 0 | FX81: =N81+IFERROR(FW81*1,0) -> 0
A83: =IF(C83<>"","DRG-"&TEXT(79,"000"),"") -> DRG-079 | B83: Choco Jel | C83: Choco Jel | D83: Brunche | E83: ايست هوب | F83: Cairo | L83: 4 | M83: =IF(N83>=4,"✔ Completed","✘ Pending") -> ✘ Pending | N83: =(P83="✔")+(AC83="✔")+(AP83="✔")+(BC83="✔")+(BP83="✔")+(CC83="✔")+(CP83="✔")+(DC83="✔")+(DP83="✔")+(EC83="✔")+(EP83="✔")+(FC83="✔") -> 0 | FO83: =IFERROR(R83*1,0)+IFERROR(AE83*1,0)+IFERROR(AR83*1,0)+IFERROR(BE83*1,0)+IFERROR(BR83*1,0)+IFERROR(CE83*1,0)+IFERROR(CR83*1,0)+IFERROR(DE83*1,0)+IFERROR(DR83*1,0)+IFERROR(EE83*1,0)+IFERROR(ER83*1,0)+IFERROR(FE83*1,0) -> 0 | FP83: =IFERROR(S83*1,0)+IFERROR(AF83*1,0)+IFERROR(AS83*1,0)+IFERROR(BF83*1,0)+IFERROR(BS83*1,0)+IFERROR(CF83*1,0)+IFERROR(CS83*1,0)+IFERROR(DF83*1,0)+IFERROR(DS83*1,0)+IFERROR(EF83*1,0)+IFERROR(ES83*1,0)+IFERROR(FF83*1,0) -> 0 | FQ83: =IFERROR(T83*1,0)+IFERROR(AG83*1,0)+IFERROR(AT83*1,0)+IFERROR(BG83*1,0)+IFERROR(BT83*1,0)+IFERROR(CG83*1,0)+IFERROR(CT83*1,0)+IFERROR(DG83*1,0)+IFERROR(DT83*1,0)+IFERROR(EG83*1,0)+IFERROR(ET83*1,0)+IFERROR(FG83*1,0) -> 0 | FR83: =IFERROR(U83*1,0)+IFERROR(AH83*1,0)+IFERROR(AU83*1,0)+IFERROR(BH83*1,0)+IFERROR(BU83*1,0)+IFERROR(CH83*1,0)+IFERROR(CU83*1,0)+IFERROR(DH83*1,0)+IFERROR(DU83*1,0)+IFERROR(EH83*1,0)+IFERROR(EU83*1,0)+IFERROR(FH83*1,0) -> 0 | FS83: =IFERROR(V83*1,0)+IFERROR(AI83*1,0)+IFERROR(AV83*1,0)+IFERROR(BI83*1,0)+IFERROR(BV83*1,0)+IFERROR(CI83*1,0)+IFERROR(CV83*1,0)+IFERROR(DI83*1,0)+IFERROR(DV83*1,0)+IFERROR(EI83*1,0)+IFERROR(EV83*1,0)+IFERROR(FI83*1,0) -> 0 | FT83: =IFERROR(W83*1,0)+IFERROR(AJ83*1,0)+IFERROR(AW83*1,0)+IFERROR(BJ83*1,0)+IFERROR(BW83*1,0)+IFERROR(CJ83*1,0)+IFERROR(CW83*1,0)+IFERROR(DJ83*1,0)+IFERROR(DW83*1,0)+IFERROR(EJ83*1,0)+IFERROR(EW83*1,0)+IFERROR(FJ83*1,0) -> 0 | FU83: =IFERROR(X83*1,0)+IFERROR(AK83*1,0)+IFERROR(AX83*1,0)+IFERROR(BK83*1,0)+IFERROR(BX83*1,0)+IFERROR(CK83*1,0)+IFERROR(CX83*1,0)+IFERROR(DK83*1,0)+IFERROR(DX83*1,0)+IFERROR(EK83*1,0)+IFERROR(EX83*1,0)+IFERROR(FK83*1,0) -> 0 | FV83: =IFERROR(Y83*1,0)+IFERROR(AL83*1,0)+IFERROR(AY83*1,0)+IFERROR(BL83*1,0)+IFERROR(BY83*1,0)+IFERROR(CL83*1,0)+IFERROR(CY83*1,0)+IFERROR(DL83*1,0)+IFERROR(DY83*1,0)+IFERROR(EL83*1,0)+IFERROR(EY83*1,0)+IFERROR(FL83*1,0) -> 0 | FX83: =N83+IFERROR(FW83*1,0) -> 0
A84: =IF(C84<>"","DRG-"&TEXT(80,"000"),"") -> DRG-080 | B84: Choco Jel | C84: Choco Jel | D84: Brunche | E84: لولو | F84: Cairo | L84: 4 | M84: =IF(N84>=4,"✔ Completed","✘ Pending") -> ✘ Pending | N84: =(P84="✔")+(AC84="✔")+(AP84="✔")+(BC84="✔")+(BP84="✔")+(CC84="✔")+(CP84="✔")+(DC84="✔")+(DP84="✔")+(EC84="✔")+(EP84="✔")+(FC84="✔") -> 0 | FO84: =IFERROR(R84*1,0)+IFERROR(AE84*1,0)+IFERROR(AR84*1,0)+IFERROR(BE84*1,0)+IFERROR(BR84*1,0)+IFERROR(CE84*1,0)+IFERROR(CR84*1,0)+IFERROR(DE84*1,0)+IFERROR(DR84*1,0)+IFERROR(EE84*1,0)+IFERROR(ER84*1,0)+IFERROR(FE84*1,0) -> 0 | FP84: =IFERROR(S84*1,0)+IFERROR(AF84*1,0)+IFERROR(AS84*1,0)+IFERROR(BF84*1,0)+IFERROR(BS84*1,0)+IFERROR(CF84*1,0)+IFERROR(CS84*1,0)+IFERROR(DF84*1,0)+IFERROR(DS84*1,0)+IFERROR(EF84*1,0)+IFERROR(ES84*1,0)+IFERROR(FF84*1,0) -> 0 | FQ84: =IFERROR(T84*1,0)+IFERROR(AG84*1,0)+IFERROR(AT84*1,0)+IFERROR(BG84*1,0)+IFERROR(BT84*1,0)+IFERROR(CG84*1,0)+IFERROR(CT84*1,0)+IFERROR(DG84*1,0)+IFERROR(DT84*1,0)+IFERROR(EG84*1,0)+IFERROR(ET84*1,0)+IFERROR(FG84*1,0) -> 0 | FR84: =IFERROR(U84*1,0)+IFERROR(AH84*1,0)+IFERROR(AU84*1,0)+IFERROR(BH84*1,0)+IFERROR(BU84*1,0)+IFERROR(CH84*1,0)+IFERROR(CU84*1,0)+IFERROR(DH84*1,0)+IFERROR(DU84*1,0)+IFERROR(EH84*1,0)+IFERROR(EU84*1,0)+IFERROR(FH84*1,0) -> 0 | FS84: =IFERROR(V84*1,0)+IFERROR(AI84*1,0)+IFERROR(AV84*1,0)+IFERROR(BI84*1,0)+IFERROR(BV84*1,0)+IFERROR(CI84*1,0)+IFERROR(CV84*1,0)+IFERROR(DI84*1,0)+IFERROR(DV84*1,0)+IFERROR(EI84*1,0)+IFERROR(EV84*1,0)+IFERROR(FI84*1,0) -> 0 | FT84: =IFERROR(W84*1,0)+IFERROR(AJ84*1,0)+IFERROR(AW84*1,0)+IFERROR(BJ84*1,0)+IFERROR(BW84*1,0)+IFERROR(CJ84*1,0)+IFERROR(CW84*1,0)+IFERROR(DJ84*1,0)+IFERROR(DW84*1,0)+IFERROR(EJ84*1,0)+IFERROR(EW84*1,0)+IFERROR(FJ84*1,0) -> 0 | FU84: =IFERROR(X84*1,0)+IFERROR(AK84*1,0)+IFERROR(AX84*1,0)+IFERROR(BK84*1,0)+IFERROR(BX84*1,0)+IFERROR(CK84*1,0)+IFERROR(CX84*1,0)+IFERROR(DK84*1,0)+IFERROR(DX84*1,0)+IFERROR(EK84*1,0)+IFERROR(EX84*1,0)+IFERROR(FK84*1,0) -> 0 | FV84: =IFERROR(Y84*1,0)+IFERROR(AL84*1,0)+IFERROR(AY84*1,0)+IFERROR(BL84*1,0)+IFERROR(BY84*1,0)+IFERROR(CL84*1,0)+IFERROR(CY84*1,0)+IFERROR(DL84*1,0)+IFERROR(DY84*1,0)+IFERROR(EL84*1,0)+IFERROR(EY84*1,0)+IFERROR(FL84*1,0) -> 0 | FX84: =N84+IFERROR(FW84*1,0) -> 0
A85: =IF(C85<>"","DRG-"&TEXT(81,"000"),"") -> DRG-081 | B85: Choco Jel | C85: Choco Jel | D85: Brunche | E85: الرحاب | F85: Cairo | L85: 4 | M85: =IF(N85>=4,"✔ Completed","✘ Pending") -> ✘ Pending | N85: =(P85="✔")+(AC85="✔")+(AP85="✔")+(BC85="✔")+(BP85="✔")+(CC85="✔")+(CP85="✔")+(DC85="✔")+(DP85="✔")+(EC85="✔")+(EP85="✔")+(FC85="✔") -> 0 | FO85: =IFERROR(R85*1,0)+IFERROR(AE85*1,0)+IFERROR(AR85*1,0)+IFERROR(BE85*1,0)+IFERROR(BR85*1,0)+IFERROR(CE85*1,0)+IFERROR(CR85*1,0)+IFERROR(DE85*1,0)+IFERROR(DR85*1,0)+IFERROR(EE85*1,0)+IFERROR(ER85*1,0)+IFERROR(FE85*1,0) -> 0 | FP85: =IFERROR(S85*1,0)+IFERROR(AF85*1,0)+IFERROR(AS85*1,0)+IFERROR(BF85*1,0)+IFERROR(BS85*1,0)+IFERROR(CF85*1,0)+IFERROR(CS85*1,0)+IFERROR(DF85*1,0)+IFERROR(DS85*1,0)+IFERROR(EF85*1,0)+IFERROR(ES85*1,0)+IFERROR(FF85*1,0) -> 0 | FQ85: =IFERROR(T85*1,0)+IFERROR(AG85*1,0)+IFERROR(AT85*1,0)+IFERROR(BG85*1,0)+IFERROR(BT85*1,0)+IFERROR(CG85*1,0)+IFERROR(CT85*1,0)+IFERROR(DG85*1,0)+IFERROR(DT85*1,0)+IFERROR(EG85*1,0)+IFERROR(ET85*1,0)+IFERROR(FG85*1,0) -> 0 | FR85: =IFERROR(U85*1,0)+IFERROR(AH85*1,0)+IFERROR(AU85*1,0)+IFERROR(BH85*1,0)+IFERROR(BU85*1,0)+IFERROR(CH85*1,0)+IFERROR(CU85*1,0)+IFERROR(DH85*1,0)+IFERROR(DU85*1,0)+IFERROR(EH85*1,0)+IFERROR(EU85*1,0)+IFERROR(FH85*1,0) -> 0 | FS85: =IFERROR(V85*1,0)+IFERROR(AI85*1,0)+IFERROR(AV85*1,0)+IFERROR(BI85*1,0)+IFERROR(BV85*1,0)+IFERROR(CI85*1,0)+IFERROR(CV85*1,0)+IFERROR(DI85*1,0)+IFERROR(DV85*1,0)+IFERROR(EI85*1,0)+IFERROR(EV85*1,0)+IFERROR(FI85*1,0) -> 0 | FT85: =IFERROR(W85*1,0)+IFERROR(AJ85*1,0)+IFERROR(AW85*1,0)+IFERROR(BJ85*1,0)+IFERROR(BW85*1,0)+IFERROR(CJ85*1,0)+IFERROR(CW85*1,0)+IFERROR(DJ85*1,0)+IFERROR(DW85*1,0)+IFERROR(EJ85*1,0)+IFERROR(EW85*1,0)+IFERROR(FJ85*1,0) -> 0 | FU85: =IFERROR(X85*1,0)+IFERROR(AK85*1,0)+IFERROR(AX85*1,0)+IFERROR(BK85*1,0)+IFERROR(BX85*1,0)+IFERROR(CK85*1,0)+IFERROR(CX85*1,0)+IFERROR(DK85*1,0)+IFERROR(DX85*1,0)+IFERROR(EK85*1,0)+IFERROR(EX85*1,0)+IFERROR(FK85*1,0) -> 0 | FV85: =IFERROR(Y85*1,0)+IFERROR(AL85*1,0)+IFERROR(AY85*1,0)+IFERROR(BL85*1,0)+IFERROR(BY85*1,0)+IFERROR(CL85*1,0)+IFERROR(CY85*1,0)+IFERROR(DL85*1,0)+IFERROR(DY85*1,0)+IFERROR(EL85*1,0)+IFERROR(EY85*1,0)+IFERROR(FL85*1,0) -> 0 | FX85: =N85+IFERROR(FW85*1,0) -> 0
A86: =IF(C86<>"","DRG-"&TEXT(82,"000"),"") -> DRG-082 | B86: Choco Jel | C86: Choco Jel | D86: Brunche | E86: التجمع | F86: Cairo | L86: 4 | M86: =IF(N86>=4,"✔ Completed","✘ Pending") -> ✘ Pending | N86: =(P86="✔")+(AC86="✔")+(AP86="✔")+(BC86="✔")+(BP86="✔")+(CC86="✔")+(CP86="✔")+(DC86="✔")+(DP86="✔")+(EC86="✔")+(EP86="✔")+(FC86="✔") -> 0 | FO86: =IFERROR(R86*1,0)+IFERROR(AE86*1,0)+IFERROR(AR86*1,0)+IFERROR(BE86*1,0)+IFERROR(BR86*1,0)+IFERROR(CE86*1,0)+IFERROR(CR86*1,0)+IFERROR(DE86*1,0)+IFERROR(DR86*1,0)+IFERROR(EE86*1,0)+IFERROR(ER86*1,0)+IFERROR(FE86*1,0) -> 0 | FP86: =IFERROR(S86*1,0)+IFERROR(AF86*1,0)+IFERROR(AS86*1,0)+IFERROR(BF86*1,0)+IFERROR(BS86*1,0)+IFERROR(CF86*1,0)+IFERROR(CS86*1,0)+IFERROR(DF86*1,0)+IFERROR(DS86*1,0)+IFERROR(EF86*1,0)+IFERROR(ES86*1,0)+IFERROR(FF86*1,0) -> 0 | FQ86: =IFERROR(T86*1,0)+IFERROR(AG86*1,0)+IFERROR(AT86*1,0)+IFERROR(BG86*1,0)+IFERROR(BT86*1,0)+IFERROR(CG86*1,0)+IFERROR(CT86*1,0)+IFERROR(DG86*1,0)+IFERROR(DT86*1,0)+IFERROR(EG86*1,0)+IFERROR(ET86*1,0)+IFERROR(FG86*1,0) -> 0 | FR86: =IFERROR(U86*1,0)+IFERROR(AH86*1,0)+IFERROR(AU86*1,0)+IFERROR(BH86*1,0)+IFERROR(BU86*1,0)+IFERROR(CH86*1,0)+IFERROR(CU86*1,0)+IFERROR(DH86*1,0)+IFERROR(DU86*1,0)+IFERROR(EH86*1,0)+IFERROR(EU86*1,0)+IFERROR(FH86*1,0) -> 0 | FS86: =IFERROR(V86*1,0)+IFERROR(AI86*1,0)+IFERROR(AV86*1,0)+IFERROR(BI86*1,0)+IFERROR(BV86*1,0)+IFERROR(CI86*1,0)+IFERROR(CV86*1,0)+IFERROR(DI86*1,0)+IFERROR(DV86*1,0)+IFERROR(EI86*1,0)+IFERROR(EV86*1,0)+IFERROR(FI86*1,0) -> 0 | FT86: =IFERROR(W86*1,0)+IFERROR(AJ86*1,0)+IFERROR(AW86*1,0)+IFERROR(BJ86*1,0)+IFERROR(BW86*1,0)+IFERROR(CJ86*1,0)+IFERROR(CW86*1,0)+IFERROR(DJ86*1,0)+IFERROR(DW86*1,0)+IFERROR(EJ86*1,0)+IFERROR(EW86*1,0)+IFERROR(FJ86*1,0) -> 0 | FU86: =IFERROR(X86*1,0)+IFERROR(AK86*1,0)+IFERROR(AX86*1,0)+IFERROR(BK86*1,0)+IFERROR(BX86*1,0)+IFERROR(CK86*1,0)+IFERROR(CX86*1,0)+IFERROR(DK86*1,0)+IFERROR(DX86*1,0)+IFERROR(EK86*1,0)+IFERROR(EX86*1,0)+IFERROR(FK86*1,0) -> 0 | FV86: =IFERROR(Y86*1,0)+IFERROR(AL86*1,0)+IFERROR(AY86*1,0)+IFERROR(BL86*1,0)+IFERROR(BY86*1,0)+IFERROR(CL86*1,0)+IFERROR(CY86*1,0)+IFERROR(DL86*1,0)+IFERROR(DY86*1,0)+IFERROR(EL86*1,0)+IFERROR(EY86*1,0)+IFERROR(FL86*1,0) -> 0 | FX86: =N86+IFERROR(FW86*1,0) -> 0
A87: =IF(C87<>"","DRG-"&TEXT(83,"000"),"") -> DRG-083 | B87: Choco Jel | C87: Choco Jel | D87: Brunche | E87: المعادي | F87: Cairo | L87: 4 | M87: =IF(N87>=4,"✔ Completed","✘ Pending") -> ✘ Pending | N87: =(P87="✔")+(AC87="✔")+(AP87="✔")+(BC87="✔")+(BP87="✔")+(CC87="✔")+(CP87="✔")+(DC87="✔")+(DP87="✔")+(EC87="✔")+(EP87="✔")+(FC87="✔") -> 0 | FO87: =IFERROR(R87*1,0)+IFERROR(AE87*1,0)+IFERROR(AR87*1,0)+IFERROR(BE87*1,0)+IFERROR(BR87*1,0)+IFERROR(CE87*1,0)+IFERROR(CR87*1,0)+IFERROR(DE87*1,0)+IFERROR(DR87*1,0)+IFERROR(EE87*1,0)+IFERROR(ER87*1,0)+IFERROR(FE87*1,0) -> 0 | FP87: =IFERROR(S87*1,0)+IFERROR(AF87*1,0)+IFERROR(AS87*1,0)+IFERROR(BF87*1,0)+IFERROR(BS87*1,0)+IFERROR(CF87*1,0)+IFERROR(CS87*1,0)+IFERROR(DF87*1,0)+IFERROR(DS87*1,0)+IFERROR(EF87*1,0)+IFERROR(ES87*1,0)+IFERROR(FF87*1,0) -> 0 | FQ87: =IFERROR(T87*1,0)+IFERROR(AG87*1,0)+IFERROR(AT87*1,0)+IFERROR(BG87*1,0)+IFERROR(BT87*1,0)+IFERROR(CG87*1,0)+IFERROR(CT87*1,0)+IFERROR(DG87*1,0)+IFERROR(DT87*1,0)+IFERROR(EG87*1,0)+IFERROR(ET87*1,0)+IFERROR(FG87*1,0) -> 0 | FR87: =IFERROR(U87*1,0)+IFERROR(AH87*1,0)+IFERROR(AU87*1,0)+IFERROR(BH87*1,0)+IFERROR(BU87*1,0)+IFERROR(CH87*1,0)+IFERROR(CU87*1,0)+IFERROR(DH87*1,0)+IFERROR(DU87*1,0)+IFERROR(EH87*1,0)+IFERROR(EU87*1,0)+IFERROR(FH87*1,0) -> 0 | FS87: =IFERROR(V87*1,0)+IFERROR(AI87*1,0)+IFERROR(AV87*1,0)+IFERROR(BI87*1,0)+IFERROR(BV87*1,0)+IFERROR(CI87*1,0)+IFERROR(CV87*1,0)+IFERROR(DI87*1,0)+IFERROR(DV87*1,0)+IFERROR(EI87*1,0)+IFERROR(EV87*1,0)+IFERROR(FI87*1,0) -> 0 | FT87: =IFERROR(W87*1,0)+IFERROR(AJ87*1,0)+IFERROR(AW87*1,0)+IFERROR(BJ87*1,0)+IFERROR(BW87*1,0)+IFERROR(CJ87*1,0)+IFERROR(CW87*1,0)+IFERROR(DJ87*1,0)+IFERROR(DW87*1,0)+IFERROR(EJ87*1,0)+IFERROR(EW87*1,0)+IFERROR(FJ87*1,0) -> 0 | FU87: =IFERROR(X87*1,0)+IFERROR(AK87*1,0)+IFERROR(AX87*1,0)+IFERROR(BK87*1,0)+IFERROR(BX87*1,0)+IFERROR(CK87*1,0)+IFERROR(CX87*1,0)+IFERROR(DK87*1,0)+IFERROR(DX87*1,0)+IFERROR(EK87*1,0)+IFERROR(EX87*1,0)+IFERROR(FK87*1,0) -> 0 | FV87: =IFERROR(Y87*1,0)+IFERROR(AL87*1,0)+IFERROR(AY87*1,0)+IFERROR(BL87*1,0)+IFERROR(BY87*1,0)+IFERROR(CL87*1,0)+IFERROR(CY87*1,0)+IFERROR(DL87*1,0)+IFERROR(DY87*1,0)+IFERROR(EL87*1,0)+IFERROR(EY87*1,0)+IFERROR(FL87*1,0) -> 0 | FX87: =N87+IFERROR(FW87*1,0) -> 0
A89: =IF(C89<>"","DRG-"&TEXT(85,"000"),"") -> DRG-085 | B89: Choco Jel | C89: Choco Jel | D89: Brunche | E89: عباس | F89: Cairo | L89: 4 | M89: =IF(N89>=4,"✔ Completed","✘ Pending") -> ✘ Pending | N89: =(P89="✔")+(AC89="✔")+(AP89="✔")+(BC89="✔")+(BP89="✔")+(CC89="✔")+(CP89="✔")+(DC89="✔")+(DP89="✔")+(EC89="✔")+(EP89="✔")+(FC89="✔") -> 0 | FO89: =IFERROR(R89*1,0)+IFERROR(AE89*1,0)+IFERROR(AR89*1,0)+IFERROR(BE89*1,0)+IFERROR(BR89*1,0)+IFERROR(CE89*1,0)+IFERROR(CR89*1,0)+IFERROR(DE89*1,0)+IFERROR(DR89*1,0)+IFERROR(EE89*1,0)+IFERROR(ER89*1,0)+IFERROR(FE89*1,0) -> 0 | FP89: =IFERROR(S89*1,0)+IFERROR(AF89*1,0)+IFERROR(AS89*1,0)+IFERROR(BF89*1,0)+IFERROR(BS89*1,0)+IFERROR(CF89*1,0)+IFERROR(CS89*1,0)+IFERROR(DF89*1,0)+IFERROR(DS89*1,0)+IFERROR(EF89*1,0)+IFERROR(ES89*1,0)+IFERROR(FF89*1,0) -> 0 | FQ89: =IFERROR(T89*1,0)+IFERROR(AG89*1,0)+IFERROR(AT89*1,0)+IFERROR(BG89*1,0)+IFERROR(BT89*1,0)+IFERROR(CG89*1,0)+IFERROR(CT89*1,0)+IFERROR(DG89*1,0)+IFERROR(DT89*1,0)+IFERROR(EG89*1,0)+IFERROR(ET89*1,0)+IFERROR(FG89*1,0) -> 0 | FR89: =IFERROR(U89*1,0)+IFERROR(AH89*1,0)+IFERROR(AU89*1,0)+IFERROR(BH89*1,0)+IFERROR(BU89*1,0)+IFERROR(CH89*1,0)+IFERROR(CU89*1,0)+IFERROR(DH89*1,0)+IFERROR(DU89*1,0)+IFERROR(EH89*1,0)+IFERROR(EU89*1,0)+IFERROR(FH89*1,0) -> 0 | FS89: =IFERROR(V89*1,0)+IFERROR(AI89*1,0)+IFERROR(AV89*1,0)+IFERROR(BI89*1,0)+IFERROR(BV89*1,0)+IFERROR(CI89*1,0)+IFERROR(CV89*1,0)+IFERROR(DI89*1,0)+IFERROR(DV89*1,0)+IFERROR(EI89*1,0)+IFERROR(EV89*1,0)+IFERROR(FI89*1,0) -> 0 | FT89: =IFERROR(W89*1,0)+IFERROR(AJ89*1,0)+IFERROR(AW89*1,0)+IFERROR(BJ89*1,0)+IFERROR(BW89*1,0)+IFERROR(CJ89*1,0)+IFERROR(CW89*1,0)+IFERROR(DJ89*1,0)+IFERROR(DW89*1,0)+IFERROR(EJ89*1,0)+IFERROR(EW89*1,0)+IFERROR(FJ89*1,0) -> 0 | FU89: =IFERROR(X89*1,0)+IFERROR(AK89*1,0)+IFERROR(AX89*1,0)+IFERROR(BK89*1,0)+IFERROR(BX89*1,0)+IFERROR(CK89*1,0)+IFERROR(CX89*1,0)+IFERROR(DK89*1,0)+IFERROR(DX89*1,0)+IFERROR(EK89*1,0)+IFERROR(EX89*1,0)+IFERROR(FK89*1,0) -> 0 | FV89: =IFERROR(Y89*1,0)+IFERROR(AL89*1,0)+IFERROR(AY89*1,0)+IFERROR(BL89*1,0)+IFERROR(BY89*1,0)+IFERROR(CL89*1,0)+IFERROR(CY89*1,0)+IFERROR(DL89*1,0)+IFERROR(DY89*1,0)+IFERROR(EL89*1,0)+IFERROR(EY89*1,0)+IFERROR(FL89*1,0) -> 0 | FX89: =N89+IFERROR(FW89*1,0) -> 0
A90: =IF(C90<>"","DRG-"&TEXT(86,"000"),"") -> DRG-086 | B90: Choco Jel | C90: Choco Jel | D90: Brunche | E90: الدقي | F90: Giza | L90: 4 | M90: =IF(N90>=4,"✔ Completed","✘ Pending") -> ✘ Pending | N90: =(P90="✔")+(AC90="✔")+(AP90="✔")+(BC90="✔")+(BP90="✔")+(CC90="✔")+(CP90="✔")+(DC90="✔")+(DP90="✔")+(EC90="✔")+(EP90="✔")+(FC90="✔") -> 0 | FO90: =IFERROR(R90*1,0)+IFERROR(AE90*1,0)+IFERROR(AR90*1,0)+IFERROR(BE90*1,0)+IFERROR(BR90*1,0)+IFERROR(CE90*1,0)+IFERROR(CR90*1,0)+IFERROR(DE90*1,0)+IFERROR(DR90*1,0)+IFERROR(EE90*1,0)+IFERROR(ER90*1,0)+IFERROR(FE90*1,0) -> 0 | FP90: =IFERROR(S90*1,0)+IFERROR(AF90*1,0)+IFERROR(AS90*1,0)+IFERROR(BF90*1,0)+IFERROR(BS90*1,0)+IFERROR(CF90*1,0)+IFERROR(CS90*1,0)+IFERROR(DF90*1,0)+IFERROR(DS90*1,0)+IFERROR(EF90*1,0)+IFERROR(ES90*1,0)+IFERROR(FF90*1,0) -> 0 | FQ90: =IFERROR(T90*1,0)+IFERROR(AG90*1,0)+IFERROR(AT90*1,0)+IFERROR(BG90*1,0)+IFERROR(BT90*1,0)+IFERROR(CG90*1,0)+IFERROR(CT90*1,0)+IFERROR(DG90*1,0)+IFERROR(DT90*1,0)+IFERROR(EG90*1,0)+IFERROR(ET90*1,0)+IFERROR(FG90*1,0) -> 0 | FR90: =IFERROR(U90*1,0)+IFERROR(AH90*1,0)+IFERROR(AU90*1,0)+IFERROR(BH90*1,0)+IFERROR(BU90*1,0)+IFERROR(CH90*1,0)+IFERROR(CU90*1,0)+IFERROR(DH90*1,0)+IFERROR(DU90*1,0)+IFERROR(EH90*1,0)+IFERROR(EU90*1,0)+IFERROR(FH90*1,0) -> 0 | FS90: =IFERROR(V90*1,0)+IFERROR(AI90*1,0)+IFERROR(AV90*1,0)+IFERROR(BI90*1,0)+IFERROR(BV90*1,0)+IFERROR(CI90*1,0)+IFERROR(CV90*1,0)+IFERROR(DI90*1,0)+IFERROR(DV90*1,0)+IFERROR(EI90*1,0)+IFERROR(EV90*1,0)+IFERROR(FI90*1,0) -> 0 | FT90: =IFERROR(W90*1,0)+IFERROR(AJ90*1,0)+IFERROR(AW90*1,0)+IFERROR(BJ90*1,0)+IFERROR(BW90*1,0)+IFERROR(CJ90*1,0)+IFERROR(CW90*1,0)+IFERROR(DJ90*1,0)+IFERROR(DW90*1,0)+IFERROR(EJ90*1,0)+IFERROR(EW90*1,0)+IFERROR(FJ90*1,0) -> 0 | FU90: =IFERROR(X90*1,0)+IFERROR(AK90*1,0)+IFERROR(AX90*1,0)+IFERROR(BK90*1,0)+IFERROR(BX90*1,0)+IFERROR(CK90*1,0)+IFERROR(CX90*1,0)+IFERROR(DK90*1,0)+IFERROR(DX90*1,0)+IFERROR(EK90*1,0)+IFERROR(EX90*1,0)+IFERROR(FK90*1,0) -> 0 | FV90: =IFERROR(Y90*1,0)+IFERROR(AL90*1,0)+IFERROR(AY90*1,0)+IFERROR(BL90*1,0)+IFERROR(BY90*1,0)+IFERROR(CL90*1,0)+IFERROR(CY90*1,0)+IFERROR(DL90*1,0)+IFERROR(DY90*1,0)+IFERROR(EL90*1,0)+IFERROR(EY90*1,0)+IFERROR(FL90*1,0) -> 0 | FX90: =N90+IFERROR(FW90*1,0) -> 0
A91: =IF(C91<>"","DRG-"&TEXT(87,"000"),"") -> DRG-087 | B91: Fatez | C91: Fatez | D91: Brunche | E91: D5 | F91: Cairo | L91: 4 | M91: =IF(N91>=4,"✔ Completed","✘ Pending") -> ✘ Pending | N91: =(P91="✔")+(AC91="✔")+(AP91="✔")+(BC91="✔")+(BP91="✔")+(CC91="✔")+(CP91="✔")+(DC91="✔")+(DP91="✔")+(EC91="✔")+(EP91="✔")+(FC91="✔") -> 0 | FO91: =IFERROR(R91*1,0)+IFERROR(AE91*1,0)+IFERROR(AR91*1,0)+IFERROR(BE91*1,0)+IFERROR(BR91*1,0)+IFERROR(CE91*1,0)+IFERROR(CR91*1,0)+IFERROR(DE91*1,0)+IFERROR(DR91*1,0)+IFERROR(EE91*1,0)+IFERROR(ER91*1,0)+IFERROR(FE91*1,0) -> 0 | FP91: =IFERROR(S91*1,0)+IFERROR(AF91*1,0)+IFERROR(AS91*1,0)+IFERROR(BF91*1,0)+IFERROR(BS91*1,0)+IFERROR(CF91*1,0)+IFERROR(CS91*1,0)+IFERROR(DF91*1,0)+IFERROR(DS91*1,0)+IFERROR(EF91*1,0)+IFERROR(ES91*1,0)+IFERROR(FF91*1,0) -> 0 | FQ91: =IFERROR(T91*1,0)+IFERROR(AG91*1,0)+IFERROR(AT91*1,0)+IFERROR(BG91*1,0)+IFERROR(BT91*1,0)+IFERROR(CG91*1,0)+IFERROR(CT91*1,0)+IFERROR(DG91*1,0)+IFERROR(DT91*1,0)+IFERROR(EG91*1,0)+IFERROR(ET91*1,0)+IFERROR(FG91*1,0) -> 0 | FR91: =IFERROR(U91*1,0)+IFERROR(AH91*1,0)+IFERROR(AU91*1,0)+IFERROR(BH91*1,0)+IFERROR(BU91*1,0)+IFERROR(CH91*1,0)+IFERROR(CU91*1,0)+IFERROR(DH91*1,0)+IFERROR(DU91*1,0)+IFERROR(EH91*1,0)+IFERROR(EU91*1,0)+IFERROR(FH91*1,0) -> 0 | FS91: =IFERROR(V91*1,0)+IFERROR(AI91*1,0)+IFERROR(AV91*1,0)+IFERROR(BI91*1,0)+IFERROR(BV91*1,0)+IFERROR(CI91*1,0)+IFERROR(CV91*1,0)+IFERROR(DI91*1,0)+IFERROR(DV91*1,0)+IFERROR(EI91*1,0)+IFERROR(EV91*1,0)+IFERROR(FI91*1,0) -> 0 | FT91: =IFERROR(W91*1,0)+IFERROR(AJ91*1,0)+IFERROR(AW91*1,0)+IFERROR(BJ91*1,0)+IFERROR(BW91*1,0)+IFERROR(CJ91*1,0)+IFERROR(CW91*1,0)+IFERROR(DJ91*1,0)+IFERROR(DW91*1,0)+IFERROR(EJ91*1,0)+IFERROR(EW91*1,0)+IFERROR(FJ91*1,0) -> 0 | FU91: =IFERROR(X91*1,0)+IFERROR(AK91*1,0)+IFERROR(AX91*1,0)+IFERROR(BK91*1,0)+IFERROR(BX91*1,0)+IFERROR(CK91*1,0)+IFERROR(CX91*1,0)+IFERROR(DK91*1,0)+IFERROR(DX91*1,0)+IFERROR(EK91*1,0)+IFERROR(EX91*1,0)+IFERROR(FK91*1,0) -> 0 | FV91: =IFERROR(Y91*1,0)+IFERROR(AL91*1,0)+IFERROR(AY91*1,0)+IFERROR(BL91*1,0)+IFERROR(BY91*1,0)+IFERROR(CL91*1,0)+IFERROR(CY91*1,0)+IFERROR(DL91*1,0)+IFERROR(DY91*1,0)+IFERROR(EL91*1,0)+IFERROR(EY91*1,0)+IFERROR(FL91*1,0) -> 0 | FX91: =N91+IFERROR(FW91*1,0) -> 0
A92: =IF(C92<>"","DRG-"&TEXT(88,"000"),"") -> DRG-088 | B92: Fatez | C92: Fatez | D92: Brunche | E92: التجمع | F92: Cairo | L92: 4 | M92: =IF(N92>=4,"✔ Completed","✘ Pending") -> ✘ Pending | N92: =(P92="✔")+(AC92="✔")+(AP92="✔")+(BC92="✔")+(BP92="✔")+(CC92="✔")+(CP92="✔")+(DC92="✔")+(DP92="✔")+(EC92="✔")+(EP92="✔")+(FC92="✔") -> 0 | FO92: =IFERROR(R92*1,0)+IFERROR(AE92*1,0)+IFERROR(AR92*1,0)+IFERROR(BE92*1,0)+IFERROR(BR92*1,0)+IFERROR(CE92*1,0)+IFERROR(CR92*1,0)+IFERROR(DE92*1,0)+IFERROR(DR92*1,0)+IFERROR(EE92*1,0)+IFERROR(ER92*1,0)+IFERROR(FE92*1,0) -> 0 | FP92: =IFERROR(S92*1,0)+IFERROR(AF92*1,0)+IFERROR(AS92*1,0)+IFERROR(BF92*1,0)+IFERROR(BS92*1,0)+IFERROR(CF92*1,0)+IFERROR(CS92*1,0)+IFERROR(DF92*1,0)+IFERROR(DS92*1,0)+IFERROR(EF92*1,0)+IFERROR(ES92*1,0)+IFERROR(FF92*1,0) -> 0 | FQ92: =IFERROR(T92*1,0)+IFERROR(AG92*1,0)+IFERROR(AT92*1,0)+IFERROR(BG92*1,0)+IFERROR(BT92*1,0)+IFERROR(CG92*1,0)+IFERROR(CT92*1,0)+IFERROR(DG92*1,0)+IFERROR(DT92*1,0)+IFERROR(EG92*1,0)+IFERROR(ET92*1,0)+IFERROR(FG92*1,0) -> 0 | FR92: =IFERROR(U92*1,0)+IFERROR(AH92*1,0)+IFERROR(AU92*1,0)+IFERROR(BH92*1,0)+IFERROR(BU92*1,0)+IFERROR(CH92*1,0)+IFERROR(CU92*1,0)+IFERROR(DH92*1,0)+IFERROR(DU92*1,0)+IFERROR(EH92*1,0)+IFERROR(EU92*1,0)+IFERROR(FH92*1,0) -> 0 | FS92: =IFERROR(V92*1,0)+IFERROR(AI92*1,0)+IFERROR(AV92*1,0)+IFERROR(BI92*1,0)+IFERROR(BV92*1,0)+IFERROR(CI92*1,0)+IFERROR(CV92*1,0)+IFERROR(DI92*1,0)+IFERROR(DV92*1,0)+IFERROR(EI92*1,0)+IFERROR(EV92*1,0)+IFERROR(FI92*1,0) -> 0 | FT92: =IFERROR(W92*1,0)+IFERROR(AJ92*1,0)+IFERROR(AW92*1,0)+IFERROR(BJ92*1,0)+IFERROR(BW92*1,0)+IFERROR(CJ92*1,0)+IFERROR(CW92*1,0)+IFERROR(DJ92*1,0)+IFERROR(DW92*1,0)+IFERROR(EJ92*1,0)+IFERROR(EW92*1,0)+IFERROR(FJ92*1,0) -> 0 | FU92: =IFERROR(X92*1,0)+IFERROR(AK92*1,0)+IFERROR(AX92*1,0)+IFERROR(BK92*1,0)+IFERROR(BX92*1,0)+IFERROR(CK92*1,0)+IFERROR(CX92*1,0)+IFERROR(DK92*1,0)+IFERROR(DX92*1,0)+IFERROR(EK92*1,0)+IFERROR(EX92*1,0)+IFERROR(FK92*1,0) -> 0 | FV92: =IFERROR(Y92*1,0)+IFERROR(AL92*1,0)+IFERROR(AY92*1,0)+IFERROR(BL92*1,0)+IFERROR(BY92*1,0)+IFERROR(CL92*1,0)+IFERROR(CY92*1,0)+IFERROR(DL92*1,0)+IFERROR(DY92*1,0)+IFERROR(EL92*1,0)+IFERROR(EY92*1,0)+IFERROR(FL92*1,0) -> 0 | FX92: =N92+IFERROR(FW92*1,0) -> 0
B93: Fatez | C93: Fatez | D93: Brunche | E93: الرحاب | F93: Cairo
A94: =IF(C94<>"","DRG-"&TEXT(89,"000"),"") -> DRG-089 | B94: Fatez | C94: Fatez | D94: Brunche | E94: جاليريا | F94: Giza | L94: 4 | M94: =IF(N94>=4,"✔ Completed","✘ Pending") -> ✘ Pending | N94: =(P94="✔")+(AC94="✔")+(AP94="✔")+(BC94="✔")+(BP94="✔")+(CC94="✔")+(CP94="✔")+(DC94="✔")+(DP94="✔")+(EC94="✔")+(EP94="✔")+(FC94="✔") -> 0 | FO94: =IFERROR(R94*1,0)+IFERROR(AE94*1,0)+IFERROR(AR94*1,0)+IFERROR(BE94*1,0)+IFERROR(BR94*1,0)+IFERROR(CE94*1,0)+IFERROR(CR94*1,0)+IFERROR(DE94*1,0)+IFERROR(DR94*1,0)+IFERROR(EE94*1,0)+IFERROR(ER94*1,0)+IFERROR(FE94*1,0) -> 0 | FP94: =IFERROR(S94*1,0)+IFERROR(AF94*1,0)+IFERROR(AS94*1,0)+IFERROR(BF94*1,0)+IFERROR(BS94*1,0)+IFERROR(CF94*1,0)+IFERROR(CS94*1,0)+IFERROR(DF94*1,0)+IFERROR(DS94*1,0)+IFERROR(EF94*1,0)+IFERROR(ES94*1,0)+IFERROR(FF94*1,0) -> 0 | FQ94: =IFERROR(T94*1,0)+IFERROR(AG94*1,0)+IFERROR(AT94*1,0)+IFERROR(BG94*1,0)+IFERROR(BT94*1,0)+IFERROR(CG94*1,0)+IFERROR(CT94*1,0)+IFERROR(DG94*1,0)+IFERROR(DT94*1,0)+IFERROR(EG94*1,0)+IFERROR(ET94*1,0)+IFERROR(FG94*1,0) -> 0 | FR94: =IFERROR(U94*1,0)+IFERROR(AH94*1,0)+IFERROR(AU94*1,0)+IFERROR(BH94*1,0)+IFERROR(BU94*1,0)+IFERROR(CH94*1,0)+IFERROR(CU94*1,0)+IFERROR(DH94*1,0)+IFERROR(DU94*1,0)+IFERROR(EH94*1,0)+IFERROR(EU94*1,0)+IFERROR(FH94*1,0) -> 0 | FS94: =IFERROR(V94*1,0)+IFERROR(AI94*1,0)+IFERROR(AV94*1,0)+IFERROR(BI94*1,0)+IFERROR(BV94*1,0)+IFERROR(CI94*1,0)+IFERROR(CV94*1,0)+IFERROR(DI94*1,0)+IFERROR(DV94*1,0)+IFERROR(EI94*1,0)+IFERROR(EV94*1,0)+IFERROR(FI94*1,0) -> 0 | FT94: =IFERROR(W94*1,0)+IFERROR(AJ94*1,0)+IFERROR(AW94*1,0)+IFERROR(BJ94*1,0)+IFERROR(BW94*1,0)+IFERROR(CJ94*1,0)+IFERROR(CW94*1,0)+IFERROR(DJ94*1,0)+IFERROR(DW94*1,0)+IFERROR(EJ94*1,0)+IFERROR(EW94*1,0)+IFERROR(FJ94*1,0) -> 0 | FU94: =IFERROR(X94*1,0)+IFERROR(AK94*1,0)+IFERROR(AX94*1,0)+IFERROR(BK94*1,0)+IFERROR(BX94*1,0)+IFERROR(CK94*1,0)+IFERROR(CX94*1,0)+IFERROR(DK94*1,0)+IFERROR(DX94*1,0)+IFERROR(EK94*1,0)+IFERROR(EX94*1,0)+IFERROR(FK94*1,0) -> 0 | FV94: =IFERROR(Y94*1,0)+IFERROR(AL94*1,0)+IFERROR(AY94*1,0)+IFERROR(BL94*1,0)+IFERROR(BY94*1,0)+IFERROR(CL94*1,0)+IFERROR(CY94*1,0)+IFERROR(DL94*1,0)+IFERROR(DY94*1,0)+IFERROR(EL94*1,0)+IFERROR(EY94*1,0)+IFERROR(FL94*1,0) -> 0 | FX94: =N94+IFERROR(FW94*1,0) -> 0
A95: =IF(C95<>"","DRG-"&TEXT(90,"000"),"") -> DRG-090 | B95: Sweet Ice | C95: Sweet Ice | D95: Factory | E95: مسطرد | F95: Qalyubia | L95: 4 | M95: =IF(N95>=4,"✔ Completed","✘ Pending") -> ✘ Pending | N95: =(P95="✔")+(AC95="✔")+(AP95="✔")+(BC95="✔")+(BP95="✔")+(CC95="✔")+(CP95="✔")+(DC95="✔")+(DP95="✔")+(EC95="✔")+(EP95="✔")+(FC95="✔") -> 0 | FO95: =IFERROR(R95*1,0)+IFERROR(AE95*1,0)+IFERROR(AR95*1,0)+IFERROR(BE95*1,0)+IFERROR(BR95*1,0)+IFERROR(CE95*1,0)+IFERROR(CR95*1,0)+IFERROR(DE95*1,0)+IFERROR(DR95*1,0)+IFERROR(EE95*1,0)+IFERROR(ER95*1,0)+IFERROR(FE95*1,0) -> 0 | FP95: =IFERROR(S95*1,0)+IFERROR(AF95*1,0)+IFERROR(AS95*1,0)+IFERROR(BF95*1,0)+IFERROR(BS95*1,0)+IFERROR(CF95*1,0)+IFERROR(CS95*1,0)+IFERROR(DF95*1,0)+IFERROR(DS95*1,0)+IFERROR(EF95*1,0)+IFERROR(ES95*1,0)+IFERROR(FF95*1,0) -> 0 | FQ95: =IFERROR(T95*1,0)+IFERROR(AG95*1,0)+IFERROR(AT95*1,0)+IFERROR(BG95*1,0)+IFERROR(BT95*1,0)+IFERROR(CG95*1,0)+IFERROR(CT95*1,0)+IFERROR(DG95*1,0)+IFERROR(DT95*1,0)+IFERROR(EG95*1,0)+IFERROR(ET95*1,0)+IFERROR(FG95*1,0) -> 0 | FR95: =IFERROR(U95*1,0)+IFERROR(AH95*1,0)+IFERROR(AU95*1,0)+IFERROR(BH95*1,0)+IFERROR(BU95*1,0)+IFERROR(CH95*1,0)+IFERROR(CU95*1,0)+IFERROR(DH95*1,0)+IFERROR(DU95*1,0)+IFERROR(EH95*1,0)+IFERROR(EU95*1,0)+IFERROR(FH95*1,0) -> 0 | FS95: =IFERROR(V95*1,0)+IFERROR(AI95*1,0)+IFERROR(AV95*1,0)+IFERROR(BI95*1,0)+IFERROR(BV95*1,0)+IFERROR(CI95*1,0)+IFERROR(CV95*1,0)+IFERROR(DI95*1,0)+IFERROR(DV95*1,0)+IFERROR(EI95*1,0)+IFERROR(EV95*1,0)+IFERROR(FI95*1,0) -> 0 | FT95: =IFERROR(W95*1,0)+IFERROR(AJ95*1,0)+IFERROR(AW95*1,0)+IFERROR(BJ95*1,0)+IFERROR(BW95*1,0)+IFERROR(CJ95*1,0)+IFERROR(CW95*1,0)+IFERROR(DJ95*1,0)+IFERROR(DW95*1,0)+IFERROR(EJ95*1,0)+IFERROR(EW95*1,0)+IFERROR(FJ95*1,0) -> 0 | FU95: =IFERROR(X95*1,0)+IFERROR(AK95*1,0)+IFERROR(AX95*1,0)+IFERROR(BK95*1,0)+IFERROR(BX95*1,0)+IFERROR(CK95*1,0)+IFERROR(CX95*1,0)+IFERROR(DK95*1,0)+IFERROR(DX95*1,0)+IFERROR(EK95*1,0)+IFERROR(EX95*1,0)+IFERROR(FK95*1,0) -> 0 | FV95: =IFERROR(Y95*1,0)+IFERROR(AL95*1,0)+IFERROR(AY95*1,0)+IFERROR(BL95*1,0)+IFERROR(BY95*1,0)+IFERROR(CL95*1,0)+IFERROR(CY95*1,0)+IFERROR(DL95*1,0)+IFERROR(DY95*1,0)+IFERROR(EL95*1,0)+IFERROR(EY95*1,0)+IFERROR(FL95*1,0) -> 0 | FX95: =N95+IFERROR(FW95*1,0) -> 0
